10,14925.15,0.07,res.ps57.long.query_rt_plugin,1
20,14901.99,0.07,res.ps57.long.query_rt_plugin,1
30,14931.24,0.07,res.ps57.long.query_rt_plugin,1
40,14959.20,0.07,res.ps57.long.query_rt_plugin,1
50,14970.41,0.07,res.ps57.long.query_rt_plugin,1
60,14942.89,0.07,res.ps57.long.query_rt_plugin,1
70,14943.11,0.07,res.ps57.long.query_rt_plugin,1
80,14965.80,0.07,res.ps57.long.query_rt_plugin,1
90,14927.30,0.07,res.ps57.long.query_rt_plugin,1
100,14934.29,0.07,res.ps57.long.query_rt_plugin,1
110,14935.21,0.07,res.ps57.long.query_rt_plugin,1
120,15063.90,0.07,res.ps57.long.query_rt_plugin,1
130,15326.10,0.07,res.ps57.long.query_rt_plugin,1
140,15417.70,0.07,res.ps57.long.query_rt_plugin,1
150,15194.79,0.07,res.ps57.long.query_rt_plugin,1
160,15338.79,0.07,res.ps57.long.query_rt_plugin,1
170,15255.20,0.07,res.ps57.long.query_rt_plugin,1
180,15364.41,0.07,res.ps57.long.query_rt_plugin,1
190,15297.30,0.07,res.ps57.long.query_rt_plugin,1
200,15310.80,0.07,res.ps57.long.query_rt_plugin,1
210,15221.90,0.07,res.ps57.long.query_rt_plugin,1
220,15485.20,0.07,res.ps57.long.query_rt_plugin,1
230,15437.30,0.07,res.ps57.long.query_rt_plugin,1
240,15505.59,0.07,res.ps57.long.query_rt_plugin,1
250,15445.91,0.07,res.ps57.long.query_rt_plugin,1
260,15550.31,0.07,res.ps57.long.query_rt_plugin,1
270,15569.30,0.07,res.ps57.long.query_rt_plugin,1
280,15595.40,0.07,res.ps57.long.query_rt_plugin,1
290,15515.80,0.07,res.ps57.long.query_rt_plugin,1
300,15534.88,0.07,res.ps57.long.query_rt_plugin,1
10,15127.99,0.07,res.ps57.long.try3,1
20,14522.10,0.08,res.ps57.long.try3,1
30,14933.70,0.07,res.ps57.long.try3,1
40,14918.80,0.07,res.ps57.long.try3,1
50,14974.11,0.07,res.ps57.long.try3,1
60,14958.60,0.07,res.ps57.long.try3,1
70,14778.79,0.07,res.ps57.long.try3,1
80,14849.82,0.07,res.ps57.long.try3,1
90,15135.10,0.07,res.ps57.long.try3,1
100,15101.39,0.07,res.ps57.long.try3,1
110,15141.71,0.07,res.ps57.long.try3,1
120,15203.60,0.07,res.ps57.long.try3,1
130,15495.90,0.07,res.ps57.long.try3,1
140,15508.20,0.07,res.ps57.long.try3,1
150,15727.99,0.07,res.ps57.long.try3,1
160,16597.21,0.07,res.ps57.long.try3,1
170,16624.08,0.07,res.ps57.long.try3,1
180,16601.12,0.07,res.ps57.long.try3,1
190,16581.70,0.07,res.ps57.long.try3,1
200,16533.20,0.07,res.ps57.long.try3,1
210,16296.10,0.07,res.ps57.long.try3,1
220,16270.60,0.07,res.ps57.long.try3,1
230,16465.70,0.07,res.ps57.long.try3,1
240,16508.70,0.07,res.ps57.long.try3,1
250,16069.20,0.07,res.ps57.long.try3,1
260,16238.17,0.07,res.ps57.long.try3,1
270,16023.80,0.07,res.ps57.long.try3,1
280,16180.35,0.07,res.ps57.long.try3,1
290,16269.25,0.07,res.ps57.long.try3,1
10,26511.38,0.08,res.ps57.long.query_rt_plugin,2
20,27929.24,0.08,res.ps57.long.query_rt_plugin,2
30,30047.08,0.08,res.ps57.long.query_rt_plugin,2
40,29740.94,0.07,res.ps57.long.query_rt_plugin,2
50,29583.08,0.08,res.ps57.long.query_rt_plugin,2
60,28324.82,0.08,res.ps57.long.query_rt_plugin,2
70,31509.89,0.07,res.ps57.long.query_rt_plugin,2
80,30889.43,0.07,res.ps57.long.query_rt_plugin,2
90,32029.17,0.07,res.ps57.long.query_rt_plugin,2
100,29756.41,0.07,res.ps57.long.query_rt_plugin,2
110,29822.79,0.07,res.ps57.long.query_rt_plugin,2
120,27785.71,0.08,res.ps57.long.query_rt_plugin,2
130,27120.89,0.09,res.ps57.long.query_rt_plugin,2
140,27491.24,0.08,res.ps57.long.query_rt_plugin,2
150,27876.66,0.08,res.ps57.long.query_rt_plugin,2
160,27607.94,0.08,res.ps57.long.query_rt_plugin,2
170,27761.04,0.08,res.ps57.long.query_rt_plugin,2
180,27980.55,0.08,res.ps57.long.query_rt_plugin,2
190,29585.77,0.08,res.ps57.long.query_rt_plugin,2
200,29651.23,0.07,res.ps57.long.query_rt_plugin,2
210,28026.28,0.08,res.ps57.long.query_rt_plugin,2
220,27619.32,0.08,res.ps57.long.query_rt_plugin,2
230,27835.75,0.08,res.ps57.long.query_rt_plugin,2
240,30553.44,0.07,res.ps57.long.query_rt_plugin,2
250,31597.18,0.07,res.ps57.long.query_rt_plugin,2
260,30503.85,0.07,res.ps57.long.query_rt_plugin,2
270,27767.14,0.08,res.ps57.long.query_rt_plugin,2
280,27714.53,0.08,res.ps57.long.query_rt_plugin,2
290,27859.56,0.08,res.ps57.long.query_rt_plugin,2
300,28430.82,0.08,res.ps57.long.query_rt_plugin,2
10,29793.36,0.07,res.ps57.long.try3,2
20,29372.23,0.08,res.ps57.long.try3,2
30,28288.17,0.08,res.ps57.long.try3,2
40,28418.83,0.08,res.ps57.long.try3,2
50,28389.58,0.08,res.ps57.long.try3,2
60,28295.72,0.08,res.ps57.long.try3,2
70,28503.08,0.08,res.ps57.long.try3,2
80,28555.04,0.08,res.ps57.long.try3,2
90,28538.03,0.08,res.ps57.long.try3,2
100,29634.45,0.08,res.ps57.long.try3,2
110,27751.69,0.08,res.ps57.long.try3,2
120,27890.14,0.08,res.ps57.long.try3,2
130,27830.26,0.08,res.ps57.long.try3,2
140,27763.69,0.08,res.ps57.long.try3,2
150,27912.51,0.08,res.ps57.long.try3,2
160,28068.13,0.08,res.ps57.long.try3,2
170,27694.27,0.08,res.ps57.long.try3,2
180,27765.34,0.08,res.ps57.long.try3,2
190,29521.97,0.07,res.ps57.long.try3,2
200,27679.04,0.08,res.ps57.long.try3,2
210,27862.96,0.08,res.ps57.long.try3,2
220,27759.74,0.08,res.ps57.long.try3,2
230,30480.75,0.07,res.ps57.long.try3,2
240,29934.55,0.07,res.ps57.long.try3,2
250,27851.36,0.08,res.ps57.long.try3,2
260,27824.80,0.08,res.ps57.long.try3,2
270,27992.70,0.08,res.ps57.long.try3,2
280,27828.19,0.08,res.ps57.long.try3,2
290,27854.80,0.08,res.ps57.long.try3,2
300,29667.55,0.07,res.ps57.long.try3,2
10,41053.74,0.08,res.ps57.long.query_rt_plugin,3
20,42434.92,0.08,res.ps57.long.query_rt_plugin,3
30,41388.11,0.08,res.ps57.long.query_rt_plugin,3
40,41804.20,0.08,res.ps57.long.query_rt_plugin,3
50,40590.13,0.08,res.ps57.long.query_rt_plugin,3
60,40904.39,0.08,res.ps57.long.query_rt_plugin,3
70,41285.46,0.08,res.ps57.long.query_rt_plugin,3
80,41176.01,0.08,res.ps57.long.query_rt_plugin,3
90,41618.27,0.08,res.ps57.long.query_rt_plugin,3
100,41034.39,0.08,res.ps57.long.query_rt_plugin,3
110,40311.61,0.08,res.ps57.long.query_rt_plugin,3
120,40241.55,0.08,res.ps57.long.query_rt_plugin,3
130,40686.85,0.08,res.ps57.long.query_rt_plugin,3
140,40684.73,0.08,res.ps57.long.query_rt_plugin,3
150,40464.47,0.08,res.ps57.long.query_rt_plugin,3
160,40582.04,0.08,res.ps57.long.query_rt_plugin,3
170,41796.33,0.08,res.ps57.long.query_rt_plugin,3
180,40704.66,0.08,res.ps57.long.query_rt_plugin,3
190,40556.66,0.08,res.ps57.long.query_rt_plugin,3
200,40484.84,0.08,res.ps57.long.query_rt_plugin,3
210,41033.37,0.08,res.ps57.long.query_rt_plugin,3
220,40785.54,0.08,res.ps57.long.query_rt_plugin,3
230,40413.34,0.08,res.ps57.long.query_rt_plugin,3
240,41692.85,0.08,res.ps57.long.query_rt_plugin,3
250,41848.86,0.08,res.ps57.long.query_rt_plugin,3
260,42019.55,0.08,res.ps57.long.query_rt_plugin,3
270,41726.36,0.08,res.ps57.long.query_rt_plugin,3
280,41595.84,0.08,res.ps57.long.query_rt_plugin,3
290,41768.36,0.08,res.ps57.long.query_rt_plugin,3
10,39748.43,0.08,res.ps57.long.try3,3
20,42671.21,0.08,res.ps57.long.try3,3
30,42863.48,0.08,res.ps57.long.try3,3
40,43199.01,0.08,res.ps57.long.try3,3
50,43501.23,0.08,res.ps57.long.try3,3
60,43486.77,0.08,res.ps57.long.try3,3
70,43462.72,0.08,res.ps57.long.try3,3
80,42609.02,0.08,res.ps57.long.try3,3
90,42915.89,0.08,res.ps57.long.try3,3
100,42016.18,0.08,res.ps57.long.try3,3
110,41647.93,0.08,res.ps57.long.try3,3
120,41470.60,0.08,res.ps57.long.try3,3
130,42048.40,0.08,res.ps57.long.try3,3
140,41894.60,0.08,res.ps57.long.try3,3
150,41833.60,0.08,res.ps57.long.try3,3
160,41904.70,0.08,res.ps57.long.try3,3
170,42274.37,0.08,res.ps57.long.try3,3
180,41820.53,0.08,res.ps57.long.try3,3
190,40961.20,0.08,res.ps57.long.try3,3
200,40595.80,0.08,res.ps57.long.try3,3
210,42073.79,0.08,res.ps57.long.try3,3
220,42120.50,0.08,res.ps57.long.try3,3
230,41782.70,0.08,res.ps57.long.try3,3
240,44640.97,0.08,res.ps57.long.try3,3
250,44634.43,0.08,res.ps57.long.try3,3
260,41657.71,0.08,res.ps57.long.try3,3
270,42206.49,0.08,res.ps57.long.try3,3
280,42005.90,0.08,res.ps57.long.try3,3
290,43300.60,0.08,res.ps57.long.try3,3
300,41902.39,0.08,res.ps57.long.try3,3
10,52763.73,0.09,res.ps57.long.query_rt_plugin,4
20,57978.71,0.08,res.ps57.long.query_rt_plugin,4
30,56144.68,0.08,res.ps57.long.query_rt_plugin,4
40,56838.37,0.08,res.ps57.long.query_rt_plugin,4
50,57777.63,0.08,res.ps57.long.query_rt_plugin,4
60,56287.44,0.08,res.ps57.long.query_rt_plugin,4
70,57817.77,0.08,res.ps57.long.query_rt_plugin,4
80,55699.49,0.08,res.ps57.long.query_rt_plugin,4
90,55582.80,0.09,res.ps57.long.query_rt_plugin,4
100,58031.37,0.08,res.ps57.long.query_rt_plugin,4
110,58313.73,0.08,res.ps57.long.query_rt_plugin,4
120,58208.09,0.08,res.ps57.long.query_rt_plugin,4
130,54706.45,0.09,res.ps57.long.query_rt_plugin,4
140,55895.97,0.08,res.ps57.long.query_rt_plugin,4
150,55713.80,0.08,res.ps57.long.query_rt_plugin,4
160,55856.77,0.09,res.ps57.long.query_rt_plugin,4
170,54364.72,0.09,res.ps57.long.query_rt_plugin,4
180,55799.68,0.08,res.ps57.long.query_rt_plugin,4
190,54771.79,0.09,res.ps57.long.query_rt_plugin,4
200,54930.33,0.08,res.ps57.long.query_rt_plugin,4
210,55293.79,0.08,res.ps57.long.query_rt_plugin,4
220,55486.41,0.08,res.ps57.long.query_rt_plugin,4
230,56184.36,0.08,res.ps57.long.query_rt_plugin,4
240,55219.84,0.08,res.ps57.long.query_rt_plugin,4
250,54239.49,0.09,res.ps57.long.query_rt_plugin,4
260,54647.29,0.09,res.ps57.long.query_rt_plugin,4
270,54741.27,0.09,res.ps57.long.query_rt_plugin,4
280,54224.14,0.09,res.ps57.long.query_rt_plugin,4
290,54814.87,0.09,res.ps57.long.query_rt_plugin,4
10,52891.15,0.08,res.ps57.long.try3,4
20,57392.99,0.08,res.ps57.long.try3,4
30,56736.22,0.08,res.ps57.long.try3,4
40,56711.72,0.08,res.ps57.long.try3,4
50,56086.30,0.08,res.ps57.long.try3,4
60,56160.16,0.08,res.ps57.long.try3,4
70,58798.64,0.08,res.ps57.long.try3,4
80,56701.80,0.08,res.ps57.long.try3,4
90,56640.29,0.08,res.ps57.long.try3,4
100,55675.55,0.08,res.ps57.long.try3,4
110,56613.95,0.08,res.ps57.long.try3,4
120,56606.40,0.08,res.ps57.long.try3,4
130,58641.51,0.08,res.ps57.long.try3,4
140,58927.09,0.08,res.ps57.long.try3,4
150,59211.31,0.07,res.ps57.long.try3,4
160,57726.70,0.08,res.ps57.long.try3,4
170,56909.39,0.08,res.ps57.long.try3,4
180,57272.11,0.08,res.ps57.long.try3,4
190,56669.40,0.08,res.ps57.long.try3,4
200,57436.20,0.08,res.ps57.long.try3,4
210,57659.20,0.08,res.ps57.long.try3,4
220,58178.60,0.08,res.ps57.long.try3,4
230,55289.59,0.08,res.ps57.long.try3,4
240,58265.61,0.08,res.ps57.long.try3,4
250,57218.00,0.08,res.ps57.long.try3,4
260,57882.50,0.08,res.ps57.long.try3,4
270,57368.10,0.08,res.ps57.long.try3,4
280,55409.20,0.08,res.ps57.long.try3,4
290,55436.61,0.08,res.ps57.long.try3,4
300,56349.31,0.08,res.ps57.long.try3,4
10,62016.45,0.08,res.ps57.long.query_rt_plugin,5
20,67910.09,0.08,res.ps57.long.query_rt_plugin,5
30,68104.95,0.08,res.ps57.long.query_rt_plugin,5
40,68099.94,0.09,res.ps57.long.query_rt_plugin,5
50,67799.60,0.08,res.ps57.long.query_rt_plugin,5
60,67668.72,0.09,res.ps57.long.query_rt_plugin,5
70,69893.38,0.08,res.ps57.long.query_rt_plugin,5
80,71035.28,0.08,res.ps57.long.query_rt_plugin,5
90,72642.10,0.08,res.ps57.long.query_rt_plugin,5
100,69687.62,0.08,res.ps57.long.query_rt_plugin,5
110,71114.50,0.08,res.ps57.long.query_rt_plugin,5
120,71757.10,0.08,res.ps57.long.query_rt_plugin,5
130,71319.09,0.08,res.ps57.long.query_rt_plugin,5
140,70535.69,0.08,res.ps57.long.query_rt_plugin,5
150,68778.20,0.08,res.ps57.long.query_rt_plugin,5
160,70585.34,0.08,res.ps57.long.query_rt_plugin,5
170,69728.67,0.08,res.ps57.long.query_rt_plugin,5
180,68762.66,0.08,res.ps57.long.query_rt_plugin,5
190,70670.64,0.08,res.ps57.long.query_rt_plugin,5
200,69762.10,0.08,res.ps57.long.query_rt_plugin,5
210,69820.91,0.08,res.ps57.long.query_rt_plugin,5
220,71030.09,0.08,res.ps57.long.query_rt_plugin,5
230,69430.65,0.08,res.ps57.long.query_rt_plugin,5
240,69053.33,0.09,res.ps57.long.query_rt_plugin,5
250,67720.13,0.09,res.ps57.long.query_rt_plugin,5
260,69394.42,0.08,res.ps57.long.query_rt_plugin,5
270,69518.27,0.09,res.ps57.long.query_rt_plugin,5
280,69833.92,0.09,res.ps57.long.query_rt_plugin,5
290,70575.48,0.08,res.ps57.long.query_rt_plugin,5
10,66488.36,0.08,res.ps57.long.try3,5
20,72542.79,0.08,res.ps57.long.try3,5
30,73289.01,0.08,res.ps57.long.try3,5
40,70119.30,0.08,res.ps57.long.try3,5
50,68999.95,0.08,res.ps57.long.try3,5
60,71358.14,0.08,res.ps57.long.try3,5
70,72505.42,0.08,res.ps57.long.try3,5
80,70838.64,0.08,res.ps57.long.try3,5
90,70342.70,0.08,res.ps57.long.try3,5
100,71153.84,0.08,res.ps57.long.try3,5
110,72219.81,0.08,res.ps57.long.try3,5
120,71098.94,0.08,res.ps57.long.try3,5
130,71086.57,0.08,res.ps57.long.try3,5
140,71037.21,0.08,res.ps57.long.try3,5
150,69058.21,0.08,res.ps57.long.try3,5
160,69208.31,0.08,res.ps57.long.try3,5
170,72299.32,0.08,res.ps57.long.try3,5
180,73279.18,0.08,res.ps57.long.try3,5
190,71477.52,0.08,res.ps57.long.try3,5
200,70827.15,0.08,res.ps57.long.try3,5
210,69652.20,0.08,res.ps57.long.try3,5
220,69509.00,0.08,res.ps57.long.try3,5
230,68941.59,0.08,res.ps57.long.try3,5
240,70894.53,0.08,res.ps57.long.try3,5
250,72086.06,0.08,res.ps57.long.try3,5
260,70538.87,0.08,res.ps57.long.try3,5
270,70748.95,0.08,res.ps57.long.try3,5
280,70663.28,0.08,res.ps57.long.try3,5
290,72609.22,0.08,res.ps57.long.try3,5
10,77933.21,0.08,res.ps57.long.query_rt_plugin,6
20,84525.49,0.08,res.ps57.long.query_rt_plugin,6
30,84348.04,0.08,res.ps57.long.query_rt_plugin,6
40,83586.27,0.08,res.ps57.long.query_rt_plugin,6
50,84838.42,0.08,res.ps57.long.query_rt_plugin,6
60,84215.39,0.08,res.ps57.long.query_rt_plugin,6
70,83958.88,0.08,res.ps57.long.query_rt_plugin,6
80,83731.57,0.08,res.ps57.long.query_rt_plugin,6
90,83597.31,0.08,res.ps57.long.query_rt_plugin,6
100,84056.42,0.08,res.ps57.long.query_rt_plugin,6
110,83252.59,0.08,res.ps57.long.query_rt_plugin,6
120,82311.87,0.09,res.ps57.long.query_rt_plugin,6
130,82682.44,0.08,res.ps57.long.query_rt_plugin,6
140,81978.22,0.08,res.ps57.long.query_rt_plugin,6
150,79062.06,0.09,res.ps57.long.query_rt_plugin,6
160,79131.01,0.09,res.ps57.long.query_rt_plugin,6
170,84430.67,0.08,res.ps57.long.query_rt_plugin,6
180,84726.95,0.08,res.ps57.long.query_rt_plugin,6
190,85422.37,0.08,res.ps57.long.query_rt_plugin,6
200,85183.71,0.08,res.ps57.long.query_rt_plugin,6
210,85178.10,0.08,res.ps57.long.query_rt_plugin,6
220,81707.21,0.09,res.ps57.long.query_rt_plugin,6
230,82283.92,0.08,res.ps57.long.query_rt_plugin,6
240,84117.96,0.08,res.ps57.long.query_rt_plugin,6
250,83892.73,0.08,res.ps57.long.query_rt_plugin,6
260,83291.15,0.08,res.ps57.long.query_rt_plugin,6
270,82174.96,0.08,res.ps57.long.query_rt_plugin,6
280,80870.81,0.08,res.ps57.long.query_rt_plugin,6
290,82096.05,0.08,res.ps57.long.query_rt_plugin,6
10,75647.06,0.08,res.ps57.long.try3,6
20,82888.50,0.08,res.ps57.long.try3,6
30,82733.47,0.08,res.ps57.long.try3,6
40,80615.79,0.08,res.ps57.long.try3,6
50,81728.01,0.08,res.ps57.long.try3,6
60,83177.84,0.08,res.ps57.long.try3,6
70,83669.26,0.08,res.ps57.long.try3,6
80,83847.16,0.08,res.ps57.long.try3,6
90,83658.39,0.08,res.ps57.long.try3,6
100,85187.66,0.08,res.ps57.long.try3,6
110,85096.55,0.08,res.ps57.long.try3,6
120,85723.30,0.08,res.ps57.long.try3,6
130,85398.49,0.08,res.ps57.long.try3,6
140,86053.50,0.08,res.ps57.long.try3,6
150,82558.88,0.08,res.ps57.long.try3,6
160,82833.01,0.08,res.ps57.long.try3,6
170,84494.68,0.08,res.ps57.long.try3,6
180,83716.64,0.08,res.ps57.long.try3,6
190,82174.40,0.08,res.ps57.long.try3,6
200,81076.07,0.08,res.ps57.long.try3,6
210,81499.90,0.08,res.ps57.long.try3,6
220,81261.80,0.08,res.ps57.long.try3,6
230,81911.26,0.08,res.ps57.long.try3,6
240,84482.60,0.08,res.ps57.long.try3,6
250,82397.63,0.08,res.ps57.long.try3,6
260,81142.46,0.09,res.ps57.long.try3,6
270,86319.08,0.08,res.ps57.long.try3,6
280,84822.98,0.08,res.ps57.long.try3,6
290,86147.75,0.08,res.ps57.long.try3,6
10,100701.62,0.08,res.ps57.long.query_rt_plugin,8
20,110990.21,0.08,res.ps57.long.query_rt_plugin,8
30,111297.48,0.08,res.ps57.long.query_rt_plugin,8
40,111694.10,0.08,res.ps57.long.query_rt_plugin,8
50,112279.87,0.08,res.ps57.long.query_rt_plugin,8
60,111496.58,0.08,res.ps57.long.query_rt_plugin,8
70,111620.31,0.08,res.ps57.long.query_rt_plugin,8
80,109731.56,0.09,res.ps57.long.query_rt_plugin,8
90,109257.96,0.09,res.ps57.long.query_rt_plugin,8
100,112176.18,0.08,res.ps57.long.query_rt_plugin,8
110,113096.47,0.08,res.ps57.long.query_rt_plugin,8
120,110537.61,0.08,res.ps57.long.query_rt_plugin,8
130,108349.84,0.09,res.ps57.long.query_rt_plugin,8
140,107820.75,0.09,res.ps57.long.query_rt_plugin,8
150,108233.72,0.09,res.ps57.long.query_rt_plugin,8
160,108769.92,0.09,res.ps57.long.query_rt_plugin,8
170,111246.05,0.08,res.ps57.long.query_rt_plugin,8
180,111867.72,0.08,res.ps57.long.query_rt_plugin,8
190,111317.09,0.08,res.ps57.long.query_rt_plugin,8
200,109937.44,0.09,res.ps57.long.query_rt_plugin,8
210,109687.00,0.09,res.ps57.long.query_rt_plugin,8
220,109257.12,0.09,res.ps57.long.query_rt_plugin,8
230,109221.75,0.09,res.ps57.long.query_rt_plugin,8
240,111612.98,0.08,res.ps57.long.query_rt_plugin,8
250,110634.22,0.08,res.ps57.long.query_rt_plugin,8
260,111079.67,0.08,res.ps57.long.query_rt_plugin,8
270,111189.46,0.08,res.ps57.long.query_rt_plugin,8
280,110859.45,0.08,res.ps57.long.query_rt_plugin,8
290,110208.63,0.08,res.ps57.long.query_rt_plugin,8
300,110002.93,0.08,res.ps57.long.query_rt_plugin,8
10,101794.15,0.08,res.ps57.long.try3,8
20,111566.39,0.08,res.ps57.long.try3,8
30,112233.14,0.08,res.ps57.long.try3,8
40,112077.32,0.08,res.ps57.long.try3,8
50,112563.39,0.08,res.ps57.long.try3,8
60,112011.70,0.08,res.ps57.long.try3,8
70,111611.24,0.08,res.ps57.long.try3,8
80,112412.21,0.08,res.ps57.long.try3,8
90,112352.81,0.08,res.ps57.long.try3,8
100,110746.18,0.08,res.ps57.long.try3,8
110,111199.69,0.08,res.ps57.long.try3,8
120,113805.21,0.08,res.ps57.long.try3,8
130,112356.22,0.08,res.ps57.long.try3,8
140,110881.77,0.08,res.ps57.long.try3,8
150,109396.52,0.08,res.ps57.long.try3,8
160,111191.19,0.08,res.ps57.long.try3,8
170,110656.28,0.08,res.ps57.long.try3,8
180,112311.93,0.08,res.ps57.long.try3,8
190,112265.20,0.08,res.ps57.long.try3,8
200,111881.81,0.08,res.ps57.long.try3,8
210,112807.99,0.08,res.ps57.long.try3,8
220,111390.70,0.08,res.ps57.long.try3,8
230,110778.09,0.08,res.ps57.long.try3,8
240,111720.71,0.08,res.ps57.long.try3,8
250,110822.11,0.08,res.ps57.long.try3,8
260,111254.69,0.08,res.ps57.long.try3,8
270,110124.03,0.08,res.ps57.long.try3,8
280,109303.98,0.08,res.ps57.long.try3,8
290,110600.21,0.08,res.ps57.long.try3,8
10,122873.85,0.09,res.ps57.long.query_rt_plugin,10
20,135891.69,0.09,res.ps57.long.query_rt_plugin,10
30,136636.04,0.09,res.ps57.long.query_rt_plugin,10
40,136114.88,0.09,res.ps57.long.query_rt_plugin,10
50,136556.54,0.08,res.ps57.long.query_rt_plugin,10
60,137121.55,0.08,res.ps57.long.query_rt_plugin,10
70,138254.46,0.08,res.ps57.long.query_rt_plugin,10
80,135666.74,0.09,res.ps57.long.query_rt_plugin,10
90,136197.44,0.09,res.ps57.long.query_rt_plugin,10
100,139068.85,0.08,res.ps57.long.query_rt_plugin,10
110,138809.97,0.08,res.ps57.long.query_rt_plugin,10
120,138571.31,0.08,res.ps57.long.query_rt_plugin,10
130,138923.00,0.08,res.ps57.long.query_rt_plugin,10
140,136454.00,0.08,res.ps57.long.query_rt_plugin,10
150,135249.10,0.09,res.ps57.long.query_rt_plugin,10
160,134996.33,0.09,res.ps57.long.query_rt_plugin,10
170,137983.76,0.08,res.ps57.long.query_rt_plugin,10
180,138026.50,0.08,res.ps57.long.query_rt_plugin,10
190,139866.37,0.08,res.ps57.long.query_rt_plugin,10
200,138006.61,0.08,res.ps57.long.query_rt_plugin,10
210,135668.54,0.09,res.ps57.long.query_rt_plugin,10
220,134662.37,0.09,res.ps57.long.query_rt_plugin,10
230,133954.01,0.09,res.ps57.long.query_rt_plugin,10
240,136787.86,0.08,res.ps57.long.query_rt_plugin,10
250,136983.05,0.08,res.ps57.long.query_rt_plugin,10
260,136870.86,0.08,res.ps57.long.query_rt_plugin,10
270,136143.93,0.09,res.ps57.long.query_rt_plugin,10
280,136951.51,0.09,res.ps57.long.query_rt_plugin,10
290,136847.69,0.09,res.ps57.long.query_rt_plugin,10
10,123660.54,0.09,res.ps57.long.try3,10
20,138241.83,0.08,res.ps57.long.try3,10
30,139156.22,0.08,res.ps57.long.try3,10
40,138650.83,0.08,res.ps57.long.try3,10
50,138126.77,0.08,res.ps57.long.try3,10
60,138493.73,0.08,res.ps57.long.try3,10
70,138432.36,0.08,res.ps57.long.try3,10
80,138328.78,0.08,res.ps57.long.try3,10
90,136788.02,0.08,res.ps57.long.try3,10
100,136740.51,0.08,res.ps57.long.try3,10
110,137159.86,0.08,res.ps57.long.try3,10
120,136335.36,0.08,res.ps57.long.try3,10
130,136262.40,0.08,res.ps57.long.try3,10
140,136741.65,0.08,res.ps57.long.try3,10
150,138432.85,0.08,res.ps57.long.try3,10
160,139365.60,0.08,res.ps57.long.try3,10
170,138272.59,0.08,res.ps57.long.try3,10
180,138344.79,0.08,res.ps57.long.try3,10
190,138582.92,0.08,res.ps57.long.try3,10
200,139123.31,0.08,res.ps57.long.try3,10
210,139168.98,0.08,res.ps57.long.try3,10
220,138707.56,0.08,res.ps57.long.try3,10
230,138498.83,0.08,res.ps57.long.try3,10
240,140513.78,0.08,res.ps57.long.try3,10
250,140461.11,0.08,res.ps57.long.try3,10
260,141252.16,0.08,res.ps57.long.try3,10
270,139444.25,0.08,res.ps57.long.try3,10
280,138166.72,0.08,res.ps57.long.try3,10
290,138033.20,0.08,res.ps57.long.try3,10
10,161548.37,0.08,res.ps57.long.query_rt_plugin,13
20,176920.41,0.09,res.ps57.long.query_rt_plugin,13
30,175233.56,0.09,res.ps57.long.query_rt_plugin,13
40,176212.14,0.09,res.ps57.long.query_rt_plugin,13
50,177740.03,0.09,res.ps57.long.query_rt_plugin,13
60,177119.23,0.09,res.ps57.long.query_rt_plugin,13
70,173139.62,0.09,res.ps57.long.query_rt_plugin,13
80,173770.44,0.09,res.ps57.long.query_rt_plugin,13
90,176081.45,0.08,res.ps57.long.query_rt_plugin,13
100,177668.96,0.08,res.ps57.long.query_rt_plugin,13
110,178413.18,0.08,res.ps57.long.query_rt_plugin,13
120,174374.66,0.09,res.ps57.long.query_rt_plugin,13
130,173242.83,0.09,res.ps57.long.query_rt_plugin,13
140,175089.88,0.09,res.ps57.long.query_rt_plugin,13
150,178397.30,0.08,res.ps57.long.query_rt_plugin,13
160,176148.59,0.09,res.ps57.long.query_rt_plugin,13
170,175953.14,0.09,res.ps57.long.query_rt_plugin,13
180,174765.03,0.09,res.ps57.long.query_rt_plugin,13
190,175330.51,0.09,res.ps57.long.query_rt_plugin,13
200,172689.67,0.09,res.ps57.long.query_rt_plugin,13
210,173931.03,0.09,res.ps57.long.query_rt_plugin,13
220,173352.13,0.09,res.ps57.long.query_rt_plugin,13
230,175909.80,0.09,res.ps57.long.query_rt_plugin,13
240,174626.32,0.09,res.ps57.long.query_rt_plugin,13
250,177094.58,0.09,res.ps57.long.query_rt_plugin,13
260,176574.13,0.09,res.ps57.long.query_rt_plugin,13
270,175582.90,0.09,res.ps57.long.query_rt_plugin,13
280,176319.31,0.08,res.ps57.long.query_rt_plugin,13
290,178751.78,0.08,res.ps57.long.query_rt_plugin,13
10,159519.94,0.09,res.ps57.long.try3,13
20,179006.52,0.08,res.ps57.long.try3,13
30,177657.24,0.09,res.ps57.long.try3,13
40,179124.38,0.09,res.ps57.long.try3,13
50,181592.41,0.08,res.ps57.long.try3,13
60,177796.11,0.08,res.ps57.long.try3,13
70,178953.83,0.08,res.ps57.long.try3,13
80,179366.41,0.08,res.ps57.long.try3,13
90,179404.89,0.08,res.ps57.long.try3,13
100,179541.28,0.08,res.ps57.long.try3,13
110,179651.16,0.08,res.ps57.long.try3,13
120,179354.41,0.08,res.ps57.long.try3,13
130,179352.81,0.08,res.ps57.long.try3,13
140,175387.00,0.09,res.ps57.long.try3,13
150,177555.27,0.09,res.ps57.long.try3,13
160,179377.00,0.08,res.ps57.long.try3,13
170,180158.25,0.08,res.ps57.long.try3,13
180,179692.80,0.08,res.ps57.long.try3,13
190,180665.41,0.08,res.ps57.long.try3,13
200,181994.36,0.08,res.ps57.long.try3,13
210,181553.25,0.08,res.ps57.long.try3,13
220,177960.58,0.08,res.ps57.long.try3,13
230,179208.39,0.08,res.ps57.long.try3,13
240,175392.77,0.09,res.ps57.long.try3,13
250,178747.33,0.08,res.ps57.long.try3,13
260,178763.42,0.08,res.ps57.long.try3,13
270,179377.76,0.08,res.ps57.long.try3,13
280,179598.33,0.08,res.ps57.long.try3,13
290,179090.75,0.08,res.ps57.long.try3,13
10,186507.39,0.10,res.ps57.long.query_rt_plugin,16
20,203589.31,0.10,res.ps57.long.query_rt_plugin,16
30,204053.84,0.10,res.ps57.long.query_rt_plugin,16
40,204701.24,0.10,res.ps57.long.query_rt_plugin,16
50,201933.20,0.10,res.ps57.long.query_rt_plugin,16
60,201955.89,0.10,res.ps57.long.query_rt_plugin,16
70,203315.27,0.10,res.ps57.long.query_rt_plugin,16
80,203636.41,0.09,res.ps57.long.query_rt_plugin,16
90,203493.94,0.09,res.ps57.long.query_rt_plugin,16
100,202792.73,0.10,res.ps57.long.query_rt_plugin,16
110,204342.21,0.10,res.ps57.long.query_rt_plugin,16
120,205858.00,0.10,res.ps57.long.query_rt_plugin,16
130,203673.75,0.10,res.ps57.long.query_rt_plugin,16
140,205296.23,0.10,res.ps57.long.query_rt_plugin,16
150,201785.71,0.10,res.ps57.long.query_rt_plugin,16
160,203720.41,0.09,res.ps57.long.query_rt_plugin,16
170,202951.63,0.10,res.ps57.long.query_rt_plugin,16
180,205253.85,0.10,res.ps57.long.query_rt_plugin,16
190,205982.32,0.10,res.ps57.long.query_rt_plugin,16
200,203922.95,0.10,res.ps57.long.query_rt_plugin,16
210,198466.68,0.10,res.ps57.long.query_rt_plugin,16
220,203966.04,0.09,res.ps57.long.query_rt_plugin,16
230,205952.30,0.09,res.ps57.long.query_rt_plugin,16
240,204430.88,0.10,res.ps57.long.query_rt_plugin,16
250,205269.08,0.09,res.ps57.long.query_rt_plugin,16
260,205672.04,0.10,res.ps57.long.query_rt_plugin,16
270,202649.49,0.10,res.ps57.long.query_rt_plugin,16
280,205333.53,0.09,res.ps57.long.query_rt_plugin,16
290,207183.28,0.09,res.ps57.long.query_rt_plugin,16
10,188075.64,0.10,res.ps57.long.try3,16
20,207861.23,0.09,res.ps57.long.try3,16
30,207666.72,0.09,res.ps57.long.try3,16
40,206877.31,0.10,res.ps57.long.try3,16
50,208800.67,0.09,res.ps57.long.try3,16
60,207395.74,0.09,res.ps57.long.try3,16
70,208737.25,0.09,res.ps57.long.try3,16
80,207411.41,0.09,res.ps57.long.try3,16
90,208065.23,0.09,res.ps57.long.try3,16
100,209323.75,0.09,res.ps57.long.try3,16
110,209666.60,0.09,res.ps57.long.try3,16
120,210140.74,0.09,res.ps57.long.try3,16
130,208175.57,0.09,res.ps57.long.try3,16
140,207554.33,0.09,res.ps57.long.try3,16
150,210782.51,0.09,res.ps57.long.try3,16
160,208968.15,0.09,res.ps57.long.try3,16
170,208503.88,0.09,res.ps57.long.try3,16
180,209281.55,0.09,res.ps57.long.try3,16
190,207580.05,0.09,res.ps57.long.try3,16
200,206510.27,0.10,res.ps57.long.try3,16
210,207576.99,0.09,res.ps57.long.try3,16
220,206656.74,0.09,res.ps57.long.try3,16
230,206220.99,0.09,res.ps57.long.try3,16
240,208244.39,0.09,res.ps57.long.try3,16
250,207499.46,0.09,res.ps57.long.try3,16
260,207855.70,0.09,res.ps57.long.try3,16
270,208197.94,0.09,res.ps57.long.try3,16
280,208839.01,0.09,res.ps57.long.try3,16
290,207004.22,0.10,res.ps57.long.try3,16
10,206544.30,0.11,res.ps57.long.query_rt_plugin,20
20,230097.67,0.11,res.ps57.long.query_rt_plugin,20
30,231456.28,0.11,res.ps57.long.query_rt_plugin,20
40,230969.56,0.10,res.ps57.long.query_rt_plugin,20
50,231154.24,0.10,res.ps57.long.query_rt_plugin,20
60,231838.65,0.10,res.ps57.long.query_rt_plugin,20
70,231707.48,0.10,res.ps57.long.query_rt_plugin,20
80,230227.09,0.10,res.ps57.long.query_rt_plugin,20
90,233125.54,0.10,res.ps57.long.query_rt_plugin,20
100,232488.58,0.10,res.ps57.long.query_rt_plugin,20
110,229608.81,0.11,res.ps57.long.query_rt_plugin,20
120,230767.11,0.11,res.ps57.long.query_rt_plugin,20
130,230166.13,0.11,res.ps57.long.query_rt_plugin,20
140,227326.07,0.11,res.ps57.long.query_rt_plugin,20
150,227687.08,0.11,res.ps57.long.query_rt_plugin,20
160,231484.46,0.11,res.ps57.long.query_rt_plugin,20
170,231345.97,0.10,res.ps57.long.query_rt_plugin,20
180,231336.06,0.11,res.ps57.long.query_rt_plugin,20
190,225621.16,0.11,res.ps57.long.query_rt_plugin,20
200,226261.33,0.11,res.ps57.long.query_rt_plugin,20
210,224587.17,0.11,res.ps57.long.query_rt_plugin,20
220,228079.70,0.11,res.ps57.long.query_rt_plugin,20
230,229036.79,0.11,res.ps57.long.query_rt_plugin,20
240,227900.37,0.11,res.ps57.long.query_rt_plugin,20
250,227472.73,0.11,res.ps57.long.query_rt_plugin,20
260,228097.61,0.11,res.ps57.long.query_rt_plugin,20
270,226850.17,0.11,res.ps57.long.query_rt_plugin,20
280,230694.68,0.11,res.ps57.long.query_rt_plugin,20
290,228398.02,0.11,res.ps57.long.query_rt_plugin,20
10,213192.63,0.11,res.ps57.long.try3,20
20,233225.54,0.11,res.ps57.long.try3,20
30,234469.48,0.11,res.ps57.long.try3,20
40,234645.18,0.10,res.ps57.long.try3,20
50,232953.06,0.11,res.ps57.long.try3,20
60,233557.21,0.11,res.ps57.long.try3,20
70,233829.55,0.11,res.ps57.long.try3,20
80,232928.66,0.11,res.ps57.long.try3,20
90,235197.63,0.11,res.ps57.long.try3,20
100,236577.21,0.10,res.ps57.long.try3,20
110,234766.10,0.11,res.ps57.long.try3,20
120,234501.87,0.10,res.ps57.long.try3,20
130,234237.99,0.11,res.ps57.long.try3,20
140,233599.99,0.11,res.ps57.long.try3,20
150,233179.29,0.11,res.ps57.long.try3,20
160,234267.20,0.11,res.ps57.long.try3,20
170,233306.53,0.11,res.ps57.long.try3,20
180,234914.40,0.11,res.ps57.long.try3,20
190,235915.82,0.10,res.ps57.long.try3,20
200,232457.89,0.11,res.ps57.long.try3,20
210,234196.87,0.10,res.ps57.long.try3,20
220,235260.88,0.10,res.ps57.long.try3,20
230,235161.70,0.10,res.ps57.long.try3,20
240,235325.85,0.10,res.ps57.long.try3,20
250,233359.09,0.10,res.ps57.long.try3,20
260,235537.40,0.10,res.ps57.long.try3,20
270,234936.59,0.10,res.ps57.long.try3,20
280,236034.49,0.10,res.ps57.long.try3,20
290,234861.70,0.10,res.ps57.long.try3,20
300,233691.85,0.10,res.ps57.long.try3,20
10,238719.81,0.11,res.ps57.long.query_rt_plugin,25
20,263077.22,0.11,res.ps57.long.query_rt_plugin,25
30,262982.68,0.11,res.ps57.long.query_rt_plugin,25
40,263012.50,0.11,res.ps57.long.query_rt_plugin,25
50,262919.88,0.11,res.ps57.long.query_rt_plugin,25
60,263202.94,0.11,res.ps57.long.query_rt_plugin,25
70,261465.36,0.11,res.ps57.long.query_rt_plugin,25
80,263521.82,0.11,res.ps57.long.query_rt_plugin,25
90,264187.70,0.11,res.ps57.long.query_rt_plugin,25
100,263041.66,0.11,res.ps57.long.query_rt_plugin,25
110,262992.30,0.11,res.ps57.long.query_rt_plugin,25
120,261997.49,0.11,res.ps57.long.query_rt_plugin,25
130,262844.48,0.11,res.ps57.long.query_rt_plugin,25
140,263017.79,0.11,res.ps57.long.query_rt_plugin,25
150,261705.93,0.11,res.ps57.long.query_rt_plugin,25
160,262539.16,0.11,res.ps57.long.query_rt_plugin,25
170,263266.66,0.11,res.ps57.long.query_rt_plugin,25
180,263300.20,0.11,res.ps57.long.query_rt_plugin,25
190,263264.82,0.11,res.ps57.long.query_rt_plugin,25
200,262572.43,0.11,res.ps57.long.query_rt_plugin,25
210,263289.55,0.11,res.ps57.long.query_rt_plugin,25
220,262580.29,0.11,res.ps57.long.query_rt_plugin,25
230,263502.49,0.11,res.ps57.long.query_rt_plugin,25
240,262526.23,0.11,res.ps57.long.query_rt_plugin,25
250,262922.05,0.11,res.ps57.long.query_rt_plugin,25
260,263558.05,0.11,res.ps57.long.query_rt_plugin,25
270,263628.46,0.11,res.ps57.long.query_rt_plugin,25
280,262857.72,0.11,res.ps57.long.query_rt_plugin,25
290,262468.09,0.11,res.ps57.long.query_rt_plugin,25
10,243054.55,0.11,res.ps57.long.try3,25
20,268617.17,0.11,res.ps57.long.try3,25
30,269907.63,0.11,res.ps57.long.try3,25
40,268277.51,0.11,res.ps57.long.try3,25
50,268950.73,0.11,res.ps57.long.try3,25
60,268895.41,0.11,res.ps57.long.try3,25
70,269426.22,0.11,res.ps57.long.try3,25
80,268716.95,0.11,res.ps57.long.try3,25
90,268347.44,0.11,res.ps57.long.try3,25
100,270124.30,0.11,res.ps57.long.try3,25
110,268161.42,0.11,res.ps57.long.try3,25
120,269132.35,0.11,res.ps57.long.try3,25
130,270154.06,0.10,res.ps57.long.try3,25
140,268228.13,0.11,res.ps57.long.try3,25
150,268881.30,0.11,res.ps57.long.try3,25
160,269118.99,0.11,res.ps57.long.try3,25
170,268439.11,0.11,res.ps57.long.try3,25
180,268614.93,0.11,res.ps57.long.try3,25
190,268001.57,0.11,res.ps57.long.try3,25
200,269365.22,0.10,res.ps57.long.try3,25
210,268648.49,0.11,res.ps57.long.try3,25
220,269612.82,0.11,res.ps57.long.try3,25
230,267409.16,0.11,res.ps57.long.try3,25
240,268712.03,0.11,res.ps57.long.try3,25
250,267946.90,0.11,res.ps57.long.try3,25
260,270019.88,0.11,res.ps57.long.try3,25
270,267505.48,0.11,res.ps57.long.try3,25
280,268937.45,0.11,res.ps57.long.try3,25
290,268462.27,0.11,res.ps57.long.try3,25
10,263859.22,0.14,res.ps57.long.query_rt_plugin,31
20,292334.14,0.14,res.ps57.long.query_rt_plugin,31
30,292255.56,0.14,res.ps57.long.query_rt_plugin,31
40,292410.57,0.14,res.ps57.long.query_rt_plugin,31
50,292137.45,0.14,res.ps57.long.query_rt_plugin,31
60,292586.79,0.14,res.ps57.long.query_rt_plugin,31
70,292231.75,0.14,res.ps57.long.query_rt_plugin,31
80,292412.46,0.14,res.ps57.long.query_rt_plugin,31
90,292413.93,0.14,res.ps57.long.query_rt_plugin,31
100,292544.37,0.14,res.ps57.long.query_rt_plugin,31
110,292196.19,0.14,res.ps57.long.query_rt_plugin,31
120,292199.61,0.14,res.ps57.long.query_rt_plugin,31
130,292223.20,0.14,res.ps57.long.query_rt_plugin,31
140,292386.51,0.14,res.ps57.long.query_rt_plugin,31
150,292358.51,0.14,res.ps57.long.query_rt_plugin,31
160,292647.63,0.14,res.ps57.long.query_rt_plugin,31
170,292156.99,0.14,res.ps57.long.query_rt_plugin,31
180,292157.63,0.14,res.ps57.long.query_rt_plugin,31
190,292351.50,0.14,res.ps57.long.query_rt_plugin,31
200,292425.84,0.14,res.ps57.long.query_rt_plugin,31
210,292312.89,0.14,res.ps57.long.query_rt_plugin,31
220,292524.76,0.14,res.ps57.long.query_rt_plugin,31
230,292377.82,0.14,res.ps57.long.query_rt_plugin,31
240,292744.91,0.14,res.ps57.long.query_rt_plugin,31
250,292207.75,0.14,res.ps57.long.query_rt_plugin,31
260,292364.62,0.14,res.ps57.long.query_rt_plugin,31
270,292377.61,0.14,res.ps57.long.query_rt_plugin,31
280,292404.05,0.14,res.ps57.long.query_rt_plugin,31
290,292142.54,0.14,res.ps57.long.query_rt_plugin,31
10,279188.81,0.13,res.ps57.long.try3,31
20,308647.99,0.13,res.ps57.long.try3,31
30,308592.00,0.13,res.ps57.long.try3,31
40,308839.30,0.13,res.ps57.long.try3,31
50,308793.21,0.13,res.ps57.long.try3,31
60,308648.29,0.13,res.ps57.long.try3,31
70,308699.49,0.13,res.ps57.long.try3,31
80,308757.62,0.13,res.ps57.long.try3,31
90,308798.17,0.13,res.ps57.long.try3,31
100,308805.45,0.13,res.ps57.long.try3,31
110,308663.33,0.13,res.ps57.long.try3,31
120,308698.07,0.13,res.ps57.long.try3,31
130,308726.14,0.13,res.ps57.long.try3,31
140,308832.41,0.13,res.ps57.long.try3,31
150,308764.80,0.13,res.ps57.long.try3,31
160,308567.87,0.13,res.ps57.long.try3,31
170,308588.03,0.13,res.ps57.long.try3,31
180,308787.76,0.13,res.ps57.long.try3,31
190,308714.43,0.13,res.ps57.long.try3,31
200,308648.09,0.13,res.ps57.long.try3,31
210,308741.59,0.13,res.ps57.long.try3,31
220,308651.97,0.13,res.ps57.long.try3,31
230,308604.17,0.13,res.ps57.long.try3,31
240,308621.53,0.13,res.ps57.long.try3,31
250,308504.89,0.13,res.ps57.long.try3,31
260,308659.47,0.13,res.ps57.long.try3,31
270,308709.53,0.13,res.ps57.long.try3,31
280,308635.02,0.13,res.ps57.long.try3,31
290,308636.42,0.13,res.ps57.long.try3,31
10,265992.60,0.21,res.ps57.long.query_rt_plugin,38
20,294807.20,0.21,res.ps57.long.query_rt_plugin,38
30,294713.60,0.21,res.ps57.long.query_rt_plugin,38
40,294740.81,0.21,res.ps57.long.query_rt_plugin,38
50,294707.13,0.21,res.ps57.long.query_rt_plugin,38
60,294166.90,0.21,res.ps57.long.query_rt_plugin,38
70,294140.59,0.21,res.ps57.long.query_rt_plugin,38
80,294298.58,0.21,res.ps57.long.query_rt_plugin,38
90,293656.93,0.22,res.ps57.long.query_rt_plugin,38
100,293893.25,0.22,res.ps57.long.query_rt_plugin,38
110,294083.50,0.21,res.ps57.long.query_rt_plugin,38
120,294110.37,0.21,res.ps57.long.query_rt_plugin,38
130,294157.26,0.21,res.ps57.long.query_rt_plugin,38
140,293685.08,0.21,res.ps57.long.query_rt_plugin,38
150,294048.42,0.21,res.ps57.long.query_rt_plugin,38
160,294503.56,0.21,res.ps57.long.query_rt_plugin,38
170,294084.51,0.21,res.ps57.long.query_rt_plugin,38
180,294266.04,0.21,res.ps57.long.query_rt_plugin,38
190,294314.49,0.21,res.ps57.long.query_rt_plugin,38
200,294482.38,0.21,res.ps57.long.query_rt_plugin,38
210,293978.43,0.21,res.ps57.long.query_rt_plugin,38
220,294120.94,0.21,res.ps57.long.query_rt_plugin,38
230,294215.87,0.21,res.ps57.long.query_rt_plugin,38
240,294637.57,0.21,res.ps57.long.query_rt_plugin,38
250,294069.50,0.21,res.ps57.long.query_rt_plugin,38
260,294242.09,0.21,res.ps57.long.query_rt_plugin,38
270,294462.82,0.21,res.ps57.long.query_rt_plugin,38
280,294992.34,0.21,res.ps57.long.query_rt_plugin,38
290,294535.84,0.21,res.ps57.long.query_rt_plugin,38
300,294334.20,0.21,res.ps57.long.query_rt_plugin,38
10,302176.33,0.14,res.ps57.long.try3,38
20,334793.60,0.14,res.ps57.long.try3,38
30,335273.53,0.14,res.ps57.long.try3,38
40,335191.10,0.14,res.ps57.long.try3,38
50,335004.12,0.14,res.ps57.long.try3,38
60,335127.00,0.14,res.ps57.long.try3,38
70,335010.21,0.14,res.ps57.long.try3,38
80,335013.42,0.14,res.ps57.long.try3,38
90,335340.31,0.14,res.ps57.long.try3,38
100,334992.57,0.14,res.ps57.long.try3,38
110,335185.94,0.14,res.ps57.long.try3,38
120,335173.83,0.14,res.ps57.long.try3,38
130,335181.22,0.14,res.ps57.long.try3,38
140,335080.62,0.14,res.ps57.long.try3,38
150,335007.82,0.14,res.ps57.long.try3,38
160,334921.48,0.14,res.ps57.long.try3,38
170,334983.36,0.14,res.ps57.long.try3,38
180,335178.30,0.14,res.ps57.long.try3,38
190,335175.61,0.14,res.ps57.long.try3,38
200,335347.36,0.14,res.ps57.long.try3,38
210,335264.28,0.14,res.ps57.long.try3,38
220,335270.39,0.14,res.ps57.long.try3,38
230,335135.96,0.14,res.ps57.long.try3,38
240,334889.51,0.14,res.ps57.long.try3,38
250,335069.54,0.14,res.ps57.long.try3,38
260,335033.93,0.14,res.ps57.long.try3,38
270,335009.48,0.14,res.ps57.long.try3,38
280,335108.70,0.14,res.ps57.long.try3,38
290,335037.06,0.14,res.ps57.long.try3,38
10,236830.94,0.34,res.ps57.long.query_rt_plugin,46
20,263579.51,0.34,res.ps57.long.query_rt_plugin,46
30,261414.97,0.34,res.ps57.long.query_rt_plugin,46
40,264805.04,0.34,res.ps57.long.query_rt_plugin,46
50,263919.66,0.34,res.ps57.long.query_rt_plugin,46
60,263406.58,0.34,res.ps57.long.query_rt_plugin,46
70,264968.62,0.34,res.ps57.long.query_rt_plugin,46
80,265350.41,0.34,res.ps57.long.query_rt_plugin,46
90,265536.15,0.34,res.ps57.long.query_rt_plugin,46
100,266286.03,0.33,res.ps57.long.query_rt_plugin,46
110,265233.55,0.34,res.ps57.long.query_rt_plugin,46
120,264287.73,0.34,res.ps57.long.query_rt_plugin,46
130,265708.96,0.33,res.ps57.long.query_rt_plugin,46
140,265638.91,0.33,res.ps57.long.query_rt_plugin,46
150,264897.19,0.34,res.ps57.long.query_rt_plugin,46
160,265682.01,0.34,res.ps57.long.query_rt_plugin,46
170,267255.77,0.33,res.ps57.long.query_rt_plugin,46
180,265302.72,0.34,res.ps57.long.query_rt_plugin,46
190,266776.07,0.33,res.ps57.long.query_rt_plugin,46
200,265506.19,0.34,res.ps57.long.query_rt_plugin,46
210,265223.63,0.34,res.ps57.long.query_rt_plugin,46
220,262242.12,0.34,res.ps57.long.query_rt_plugin,46
230,261618.21,0.34,res.ps57.long.query_rt_plugin,46
240,261194.39,0.34,res.ps57.long.query_rt_plugin,46
250,260334.12,0.35,res.ps57.long.query_rt_plugin,46
260,261776.58,0.34,res.ps57.long.query_rt_plugin,46
270,260029.39,0.35,res.ps57.long.query_rt_plugin,46
280,261468.21,0.34,res.ps57.long.query_rt_plugin,46
290,261929.66,0.34,res.ps57.long.query_rt_plugin,46
10,321905.93,0.25,res.ps57.long.try3,46
20,356683.58,0.25,res.ps57.long.try3,46
30,356583.04,0.25,res.ps57.long.try3,46
40,356437.39,0.25,res.ps57.long.try3,46
50,356586.84,0.25,res.ps57.long.try3,46
60,356751.04,0.25,res.ps57.long.try3,46
70,356850.66,0.25,res.ps57.long.try3,46
80,357078.43,0.25,res.ps57.long.try3,46
90,356657.07,0.25,res.ps57.long.try3,46
100,356615.96,0.25,res.ps57.long.try3,46
110,356651.07,0.25,res.ps57.long.try3,46
120,356506.99,0.25,res.ps57.long.try3,46
130,356592.28,0.25,res.ps57.long.try3,46
140,356816.78,0.25,res.ps57.long.try3,46
150,356465.08,0.25,res.ps57.long.try3,46
160,356581.16,0.25,res.ps57.long.try3,46
170,356574.41,0.25,res.ps57.long.try3,46
180,356376.96,0.25,res.ps57.long.try3,46
190,356456.53,0.25,res.ps57.long.try3,46
200,356172.84,0.25,res.ps57.long.try3,46
210,356007.41,0.25,res.ps57.long.try3,46
220,356263.40,0.25,res.ps57.long.try3,46
230,357138.34,0.25,res.ps57.long.try3,46
240,356782.13,0.25,res.ps57.long.try3,46
250,356619.49,0.25,res.ps57.long.try3,46
260,356960.28,0.25,res.ps57.long.try3,46
270,356561.37,0.25,res.ps57.long.try3,46
280,357066.46,0.25,res.ps57.long.try3,46
290,357029.71,0.25,res.ps57.long.try3,46
10,190914.14,0.60,res.ps57.long.query_rt_plugin,56
20,210495.66,0.60,res.ps57.long.query_rt_plugin,56
30,210792.04,0.60,res.ps57.long.query_rt_plugin,56
40,210892.54,0.60,res.ps57.long.query_rt_plugin,56
50,210908.52,0.60,res.ps57.long.query_rt_plugin,56
60,210826.55,0.60,res.ps57.long.query_rt_plugin,56
70,211191.48,0.60,res.ps57.long.query_rt_plugin,56
80,211457.40,0.59,res.ps57.long.query_rt_plugin,56
90,211448.61,0.60,res.ps57.long.query_rt_plugin,56
100,210735.59,0.60,res.ps57.long.query_rt_plugin,56
110,212118.07,0.59,res.ps57.long.query_rt_plugin,56
120,212691.73,0.59,res.ps57.long.query_rt_plugin,56
130,211285.58,0.59,res.ps57.long.query_rt_plugin,56
140,211607.91,0.59,res.ps57.long.query_rt_plugin,56
150,210810.92,0.60,res.ps57.long.query_rt_plugin,56
160,212087.27,0.59,res.ps57.long.query_rt_plugin,56
170,211481.85,0.59,res.ps57.long.query_rt_plugin,56
180,211790.05,0.59,res.ps57.long.query_rt_plugin,56
190,211777.80,0.59,res.ps57.long.query_rt_plugin,56
200,211668.93,0.59,res.ps57.long.query_rt_plugin,56
210,210952.55,0.60,res.ps57.long.query_rt_plugin,56
220,211452.59,0.59,res.ps57.long.query_rt_plugin,56
230,211905.16,0.59,res.ps57.long.query_rt_plugin,56
240,212312.15,0.59,res.ps57.long.query_rt_plugin,56
250,211611.73,0.59,res.ps57.long.query_rt_plugin,56
260,212678.22,0.59,res.ps57.long.query_rt_plugin,56
270,211895.52,0.59,res.ps57.long.query_rt_plugin,56
280,211477.87,0.59,res.ps57.long.query_rt_plugin,56
290,212351.96,0.59,res.ps57.long.query_rt_plugin,56
10,340697.87,0.27,res.ps57.long.try3,56
20,376947.79,0.27,res.ps57.long.try3,56
30,377283.59,0.27,res.ps57.long.try3,56
40,377127.74,0.27,res.ps57.long.try3,56
50,377542.28,0.27,res.ps57.long.try3,56
60,376973.37,0.27,res.ps57.long.try3,56
70,376343.75,0.27,res.ps57.long.try3,56
80,376972.28,0.27,res.ps57.long.try3,56
90,376818.67,0.27,res.ps57.long.try3,56
100,376862.53,0.27,res.ps57.long.try3,56
110,377198.50,0.27,res.ps57.long.try3,56
120,377401.16,0.27,res.ps57.long.try3,56
130,377077.26,0.27,res.ps57.long.try3,56
140,377036.09,0.27,res.ps57.long.try3,56
150,376840.18,0.27,res.ps57.long.try3,56
160,376952.21,0.27,res.ps57.long.try3,56
170,376964.63,0.27,res.ps57.long.try3,56
180,377423.46,0.27,res.ps57.long.try3,56
190,377202.94,0.27,res.ps57.long.try3,56
200,377699.22,0.27,res.ps57.long.try3,56
210,377562.11,0.27,res.ps57.long.try3,56
220,377181.22,0.27,res.ps57.long.try3,56
230,377313.26,0.27,res.ps57.long.try3,56
240,376973.58,0.27,res.ps57.long.try3,56
250,377026.53,0.27,res.ps57.long.try3,56
260,377446.98,0.27,res.ps57.long.try3,56
270,377435.46,0.27,res.ps57.long.try3,56
280,377118.22,0.27,res.ps57.long.try3,56
290,377664.73,0.27,res.ps57.long.try3,56
10,175702.45,0.87,res.ps57.long.query_rt_plugin,68
20,193036.73,0.88,res.ps57.long.query_rt_plugin,68
30,192863.59,0.88,res.ps57.long.query_rt_plugin,68
40,193276.86,0.87,res.ps57.long.query_rt_plugin,68
50,192544.37,0.88,res.ps57.long.query_rt_plugin,68
60,192167.45,0.88,res.ps57.long.query_rt_plugin,68
70,193334.11,0.87,res.ps57.long.query_rt_plugin,68
80,192625.39,0.88,res.ps57.long.query_rt_plugin,68
90,193002.50,0.88,res.ps57.long.query_rt_plugin,68
100,192533.00,0.88,res.ps57.long.query_rt_plugin,68
110,192628.85,0.88,res.ps57.long.query_rt_plugin,68
120,193378.47,0.87,res.ps57.long.query_rt_plugin,68
130,193438.41,0.87,res.ps57.long.query_rt_plugin,68
140,193264.00,0.87,res.ps57.long.query_rt_plugin,68
150,192830.04,0.87,res.ps57.long.query_rt_plugin,68
160,193217.52,0.87,res.ps57.long.query_rt_plugin,68
170,193320.44,0.87,res.ps57.long.query_rt_plugin,68
180,193089.21,0.87,res.ps57.long.query_rt_plugin,68
190,193093.85,0.87,res.ps57.long.query_rt_plugin,68
200,193756.49,0.87,res.ps57.long.query_rt_plugin,68
210,191993.92,0.88,res.ps57.long.query_rt_plugin,68
220,193294.31,0.87,res.ps57.long.query_rt_plugin,68
230,192714.27,0.88,res.ps57.long.query_rt_plugin,68
240,193064.51,0.87,res.ps57.long.query_rt_plugin,68
250,192952.23,0.87,res.ps57.long.query_rt_plugin,68
260,193165.33,0.87,res.ps57.long.query_rt_plugin,68
270,192937.89,0.88,res.ps57.long.query_rt_plugin,68
280,192516.21,0.88,res.ps57.long.query_rt_plugin,68
290,192866.86,0.88,res.ps57.long.query_rt_plugin,68
300,192861.30,0.88,res.ps57.long.query_rt_plugin,68
10,355453.28,0.38,res.ps57.long.try3,68
20,393896.33,0.38,res.ps57.long.try3,68
30,393541.34,0.38,res.ps57.long.try3,68
40,393811.62,0.38,res.ps57.long.try3,68
50,394779.14,0.38,res.ps57.long.try3,68
60,394300.60,0.38,res.ps57.long.try3,68
70,394500.95,0.38,res.ps57.long.try3,68
80,393667.50,0.38,res.ps57.long.try3,68
90,393110.29,0.38,res.ps57.long.try3,68
100,393586.39,0.38,res.ps57.long.try3,68
110,392966.01,0.38,res.ps57.long.try3,68
120,393412.69,0.38,res.ps57.long.try3,68
130,393744.59,0.38,res.ps57.long.try3,68
140,393507.45,0.38,res.ps57.long.try3,68
150,393282.77,0.38,res.ps57.long.try3,68
160,393611.04,0.38,res.ps57.long.try3,68
170,394012.07,0.38,res.ps57.long.try3,68
180,394293.87,0.38,res.ps57.long.try3,68
190,394150.85,0.38,res.ps57.long.try3,68
200,394368.75,0.38,res.ps57.long.try3,68
210,395024.96,0.38,res.ps57.long.try3,68
220,394292.39,0.38,res.ps57.long.try3,68
230,394258.53,0.38,res.ps57.long.try3,68
240,393902.17,0.38,res.ps57.long.try3,68
250,394800.14,0.38,res.ps57.long.try3,68
260,394170.31,0.38,res.ps57.long.try3,68
270,394183.93,0.38,res.ps57.long.try3,68
280,394083.59,0.38,res.ps57.long.try3,68
290,393704.54,0.38,res.ps57.long.try3,68
300,394062.67,0.38,res.ps57.long.try3,68
10,167408.30,1.19,res.ps57.long.query_rt_plugin,82
20,184585.77,1.20,res.ps57.long.query_rt_plugin,82
30,184401.69,1.20,res.ps57.long.query_rt_plugin,82
40,184101.46,1.20,res.ps57.long.query_rt_plugin,82
50,184238.10,1.20,res.ps57.long.query_rt_plugin,82
60,184507.87,1.20,res.ps57.long.query_rt_plugin,82
70,183909.97,1.21,res.ps57.long.query_rt_plugin,82
80,184650.40,1.20,res.ps57.long.query_rt_plugin,82
90,184428.97,1.20,res.ps57.long.query_rt_plugin,82
100,183885.41,1.20,res.ps57.long.query_rt_plugin,82
110,184016.59,1.20,res.ps57.long.query_rt_plugin,82
120,184579.91,1.20,res.ps57.long.query_rt_plugin,82
130,184530.62,1.20,res.ps57.long.query_rt_plugin,82
140,184780.22,1.20,res.ps57.long.query_rt_plugin,82
150,184783.13,1.20,res.ps57.long.query_rt_plugin,82
160,184805.66,1.20,res.ps57.long.query_rt_plugin,82
170,184713.21,1.20,res.ps57.long.query_rt_plugin,82
180,184398.52,1.20,res.ps57.long.query_rt_plugin,82
190,184416.21,1.20,res.ps57.long.query_rt_plugin,82
200,184247.32,1.20,res.ps57.long.query_rt_plugin,82
210,184407.27,1.20,res.ps57.long.query_rt_plugin,82
220,184338.26,1.20,res.ps57.long.query_rt_plugin,82
230,184583.49,1.20,res.ps57.long.query_rt_plugin,82
240,184552.88,1.20,res.ps57.long.query_rt_plugin,82
250,184717.27,1.20,res.ps57.long.query_rt_plugin,82
260,184705.79,1.20,res.ps57.long.query_rt_plugin,82
270,185290.09,1.19,res.ps57.long.query_rt_plugin,82
280,184801.75,1.20,res.ps57.long.query_rt_plugin,82
290,184492.64,1.20,res.ps57.long.query_rt_plugin,82
10,366045.80,0.40,res.ps57.long.try3,82
20,405064.00,0.41,res.ps57.long.try3,82
30,405406.97,0.41,res.ps57.long.try3,82
40,405817.04,0.41,res.ps57.long.try3,82
50,406649.87,0.40,res.ps57.long.try3,82
60,406357.38,0.40,res.ps57.long.try3,82
70,406248.38,0.40,res.ps57.long.try3,82
80,406324.54,0.40,res.ps57.long.try3,82
90,406155.62,0.40,res.ps57.long.try3,82
100,405892.55,0.41,res.ps57.long.try3,82
110,405791.68,0.41,res.ps57.long.try3,82
120,406091.47,0.41,res.ps57.long.try3,82
130,406506.93,0.40,res.ps57.long.try3,82
140,406086.22,0.41,res.ps57.long.try3,82
150,405982.48,0.41,res.ps57.long.try3,82
160,405608.45,0.41,res.ps57.long.try3,82
170,405724.67,0.41,res.ps57.long.try3,82
180,406054.72,0.40,res.ps57.long.try3,82
190,405847.12,0.40,res.ps57.long.try3,82
200,406267.30,0.40,res.ps57.long.try3,82
210,406716.49,0.40,res.ps57.long.try3,82
220,405679.99,0.40,res.ps57.long.try3,82
230,406312.85,0.40,res.ps57.long.try3,82
240,406586.64,0.40,res.ps57.long.try3,82
250,406930.67,0.40,res.ps57.long.try3,82
260,406839.23,0.40,res.ps57.long.try3,82
270,406898.51,0.40,res.ps57.long.try3,82
280,406575.95,0.40,res.ps57.long.try3,82
290,406590.42,0.40,res.ps57.long.try3,82
10,163028.37,1.62,res.ps57.long.query_rt_plugin,100
20,179696.72,1.63,res.ps57.long.query_rt_plugin,100
30,180068.65,1.62,res.ps57.long.query_rt_plugin,100
40,179691.92,1.62,res.ps57.long.query_rt_plugin,100
50,179963.77,1.62,res.ps57.long.query_rt_plugin,100
60,179309.11,1.63,res.ps57.long.query_rt_plugin,100
70,179612.75,1.63,res.ps57.long.query_rt_plugin,100
80,180400.78,1.62,res.ps57.long.query_rt_plugin,100
90,180003.17,1.63,res.ps57.long.query_rt_plugin,100
100,179599.31,1.63,res.ps57.long.query_rt_plugin,100
110,178926.71,1.63,res.ps57.long.query_rt_plugin,100
120,179202.01,1.63,res.ps57.long.query_rt_plugin,100
130,179282.13,1.63,res.ps57.long.query_rt_plugin,100
140,179615.69,1.63,res.ps57.long.query_rt_plugin,100
150,179506.29,1.63,res.ps57.long.query_rt_plugin,100
160,179896.23,1.63,res.ps57.long.query_rt_plugin,100
170,179719.04,1.63,res.ps57.long.query_rt_plugin,100
180,179281.61,1.63,res.ps57.long.query_rt_plugin,100
190,179662.69,1.63,res.ps57.long.query_rt_plugin,100
200,179368.14,1.63,res.ps57.long.query_rt_plugin,100
210,180074.69,1.62,res.ps57.long.query_rt_plugin,100
220,179052.79,1.63,res.ps57.long.query_rt_plugin,100
230,179747.42,1.63,res.ps57.long.query_rt_plugin,100
240,179984.64,1.63,res.ps57.long.query_rt_plugin,100
250,179943.97,1.62,res.ps57.long.query_rt_plugin,100
260,179673.94,1.62,res.ps57.long.query_rt_plugin,100
270,179725.74,1.62,res.ps57.long.query_rt_plugin,100
280,180133.58,1.62,res.ps57.long.query_rt_plugin,100
290,179726.25,1.63,res.ps57.long.query_rt_plugin,100
300,179141.08,1.63,res.ps57.long.query_rt_plugin,100
10,372835.08,0.51,res.ps57.long.try3,100
20,413534.94,0.51,res.ps57.long.try3,100
30,413153.55,0.51,res.ps57.long.try3,100
40,414092.29,0.51,res.ps57.long.try3,100
50,414738.00,0.51,res.ps57.long.try3,100
60,414005.08,0.51,res.ps57.long.try3,100
70,414635.42,0.51,res.ps57.long.try3,100
80,414010.30,0.51,res.ps57.long.try3,100
90,413571.42,0.51,res.ps57.long.try3,100
100,413086.09,0.51,res.ps57.long.try3,100
110,413322.53,0.51,res.ps57.long.try3,100
120,413085.64,0.51,res.ps57.long.try3,100
130,413056.92,0.51,res.ps57.long.try3,100
140,412870.44,0.51,res.ps57.long.try3,100
150,413710.11,0.51,res.ps57.long.try3,100
160,414033.99,0.51,res.ps57.long.try3,100
170,414392.88,0.51,res.ps57.long.try3,100
180,413527.86,0.51,res.ps57.long.try3,100
190,413981.76,0.51,res.ps57.long.try3,100
200,413898.81,0.51,res.ps57.long.try3,100
210,413755.61,0.51,res.ps57.long.try3,100
220,413665.64,0.51,res.ps57.long.try3,100
230,413860.74,0.51,res.ps57.long.try3,100
240,413437.68,0.51,res.ps57.long.try3,100
250,413547.33,0.51,res.ps57.long.try3,100
260,413584.18,0.51,res.ps57.long.try3,100
270,413491.66,0.51,res.ps57.long.try3,100
280,414117.11,0.51,res.ps57.long.try3,100
290,413847.41,0.51,res.ps57.long.try3,100
10,161720.01,2.10,res.ps57.long.query_rt_plugin,120
20,178114.59,2.11,res.ps57.long.query_rt_plugin,120
30,178598.25,2.11,res.ps57.long.query_rt_plugin,120
40,178359.11,2.11,res.ps57.long.query_rt_plugin,120
50,178233.13,2.11,res.ps57.long.query_rt_plugin,120
60,178040.96,2.11,res.ps57.long.query_rt_plugin,120
70,178003.59,2.11,res.ps57.long.query_rt_plugin,120
80,178101.94,2.11,res.ps57.long.query_rt_plugin,120
90,178140.11,2.11,res.ps57.long.query_rt_plugin,120
100,178414.94,2.10,res.ps57.long.query_rt_plugin,120
110,178461.39,2.11,res.ps57.long.query_rt_plugin,120
120,178254.46,2.10,res.ps57.long.query_rt_plugin,120
130,178402.42,2.11,res.ps57.long.query_rt_plugin,120
140,178758.72,2.11,res.ps57.long.query_rt_plugin,120
150,178280.89,2.11,res.ps57.long.query_rt_plugin,120
160,178096.46,2.11,res.ps57.long.query_rt_plugin,120
170,178480.03,2.11,res.ps57.long.query_rt_plugin,120
180,178393.25,2.11,res.ps57.long.query_rt_plugin,120
190,178456.99,2.10,res.ps57.long.query_rt_plugin,120
200,178414.61,2.11,res.ps57.long.query_rt_plugin,120
210,178041.56,2.10,res.ps57.long.query_rt_plugin,120
220,178178.46,2.10,res.ps57.long.query_rt_plugin,120
230,178329.08,2.10,res.ps57.long.query_rt_plugin,120
240,178265.35,2.10,res.ps57.long.query_rt_plugin,120
250,178567.15,2.10,res.ps57.long.query_rt_plugin,120
260,177806.18,2.12,res.ps57.long.query_rt_plugin,120
270,178149.27,2.11,res.ps57.long.query_rt_plugin,120
280,178326.44,2.10,res.ps57.long.query_rt_plugin,120
290,178087.63,2.12,res.ps57.long.query_rt_plugin,120
300,178172.97,2.12,res.ps57.long.query_rt_plugin,120
10,377634.53,0.59,res.ps57.long.try3,120
20,418755.47,0.59,res.ps57.long.try3,120
30,419310.19,0.59,res.ps57.long.try3,120
40,419445.37,0.59,res.ps57.long.try3,120
50,419190.90,0.59,res.ps57.long.try3,120
60,419676.23,0.58,res.ps57.long.try3,120
70,419743.63,0.58,res.ps57.long.try3,120
80,419809.99,0.59,res.ps57.long.try3,120
90,419916.40,0.59,res.ps57.long.try3,120
100,420192.60,0.58,res.ps57.long.try3,120
110,420041.14,0.59,res.ps57.long.try3,120
120,419819.27,0.59,res.ps57.long.try3,120
130,418580.92,0.60,res.ps57.long.try3,120
140,418421.65,0.60,res.ps57.long.try3,120
150,418624.79,0.60,res.ps57.long.try3,120
160,418832.58,0.59,res.ps57.long.try3,120
170,419000.98,0.59,res.ps57.long.try3,120
180,418643.32,0.60,res.ps57.long.try3,120
190,418678.60,0.60,res.ps57.long.try3,120
200,419009.46,0.60,res.ps57.long.try3,120
210,418723.52,0.60,res.ps57.long.try3,120
220,418380.37,0.60,res.ps57.long.try3,120
230,418593.84,0.60,res.ps57.long.try3,120
240,418600.23,0.60,res.ps57.long.try3,120
250,418745.77,0.60,res.ps57.long.try3,120
260,418524.76,0.60,res.ps57.long.try3,120
270,419123.83,0.59,res.ps57.long.try3,120
280,419181.50,0.60,res.ps57.long.try3,120
290,419217.88,0.59,res.ps57.long.try3,120
10,161229.77,2.78,res.ps57.long.query_rt_plugin,145
20,176527.79,2.81,res.ps57.long.query_rt_plugin,145
30,176520.08,2.81,res.ps57.long.query_rt_plugin,145
40,176966.28,2.81,res.ps57.long.query_rt_plugin,145
50,176577.50,2.81,res.ps57.long.query_rt_plugin,145
60,176530.26,2.81,res.ps57.long.query_rt_plugin,145
70,176756.97,2.80,res.ps57.long.query_rt_plugin,145
80,177303.62,2.80,res.ps57.long.query_rt_plugin,145
90,176814.75,2.80,res.ps57.long.query_rt_plugin,145
100,176762.11,2.80,res.ps57.long.query_rt_plugin,145
110,176820.12,2.81,res.ps57.long.query_rt_plugin,145
120,177054.58,2.80,res.ps57.long.query_rt_plugin,145
130,176666.75,2.81,res.ps57.long.query_rt_plugin,145
140,176654.55,2.80,res.ps57.long.query_rt_plugin,145
150,176752.96,2.80,res.ps57.long.query_rt_plugin,145
160,176822.65,2.80,res.ps57.long.query_rt_plugin,145
170,176959.82,2.80,res.ps57.long.query_rt_plugin,145
180,176533.68,2.82,res.ps57.long.query_rt_plugin,145
190,177033.05,2.80,res.ps57.long.query_rt_plugin,145
200,176572.65,2.82,res.ps57.long.query_rt_plugin,145
210,176911.67,2.81,res.ps57.long.query_rt_plugin,145
220,176736.32,2.81,res.ps57.long.query_rt_plugin,145
230,176649.96,2.81,res.ps57.long.query_rt_plugin,145
240,176941.79,2.80,res.ps57.long.query_rt_plugin,145
250,176835.90,2.81,res.ps57.long.query_rt_plugin,145
260,176630.90,2.80,res.ps57.long.query_rt_plugin,145
270,176600.95,2.80,res.ps57.long.query_rt_plugin,145
280,176570.34,2.80,res.ps57.long.query_rt_plugin,145
290,176952.73,2.80,res.ps57.long.query_rt_plugin,145
10,379248.50,0.66,res.ps57.long.try3,145
20,420855.64,0.66,res.ps57.long.try3,145
30,421035.09,0.66,res.ps57.long.try3,145
40,421413.89,0.66,res.ps57.long.try3,145
50,421394.16,0.66,res.ps57.long.try3,145
60,421656.95,0.66,res.ps57.long.try3,145
70,421706.62,0.66,res.ps57.long.try3,145
80,421714.69,0.66,res.ps57.long.try3,145
90,421713.65,0.66,res.ps57.long.try3,145
100,421752.85,0.66,res.ps57.long.try3,145
110,421952.62,0.66,res.ps57.long.try3,145
120,421430.99,0.66,res.ps57.long.try3,145
130,421527.65,0.66,res.ps57.long.try3,145
140,421401.02,0.66,res.ps57.long.try3,145
150,421744.90,0.66,res.ps57.long.try3,145
160,421566.42,0.66,res.ps57.long.try3,145
170,421715.61,0.66,res.ps57.long.try3,145
180,421291.79,0.66,res.ps57.long.try3,145
190,421322.16,0.66,res.ps57.long.try3,145
200,421407.55,0.66,res.ps57.long.try3,145
210,421399.71,0.66,res.ps57.long.try3,145
220,421302.80,0.66,res.ps57.long.try3,145
230,421635.40,0.66,res.ps57.long.try3,145
240,421110.38,0.66,res.ps57.long.try3,145
250,421274.16,0.66,res.ps57.long.try3,145
260,420863.54,0.66,res.ps57.long.try3,145
270,421350.72,0.66,res.ps57.long.try3,145
280,421655.89,0.66,res.ps57.long.try3,145
290,421479.81,0.66,res.ps57.long.try3,145
10,159962.35,3.69,res.ps57.long.query_rt_plugin,175
20,176423.69,3.68,res.ps57.long.query_rt_plugin,175
30,176423.28,3.70,res.ps57.long.query_rt_plugin,175
40,176135.26,3.71,res.ps57.long.query_rt_plugin,175
50,176353.34,3.70,res.ps57.long.query_rt_plugin,175
60,175953.63,3.72,res.ps57.long.query_rt_plugin,175
70,176038.74,3.71,res.ps57.long.query_rt_plugin,175
80,176068.26,3.72,res.ps57.long.query_rt_plugin,175
90,176048.17,3.71,res.ps57.long.query_rt_plugin,175
100,176019.78,3.71,res.ps57.long.query_rt_plugin,175
110,176073.80,3.70,res.ps57.long.query_rt_plugin,175
120,176165.93,3.70,res.ps57.long.query_rt_plugin,175
130,176174.48,3.69,res.ps57.long.query_rt_plugin,175
140,176221.43,3.69,res.ps57.long.query_rt_plugin,175
150,176193.41,3.70,res.ps57.long.query_rt_plugin,175
160,176074.33,3.70,res.ps57.long.query_rt_plugin,175
170,176367.34,3.69,res.ps57.long.query_rt_plugin,175
180,176090.90,3.71,res.ps57.long.query_rt_plugin,175
190,175948.22,3.70,res.ps57.long.query_rt_plugin,175
200,176503.58,3.69,res.ps57.long.query_rt_plugin,175
210,176225.15,3.71,res.ps57.long.query_rt_plugin,175
220,176193.80,3.68,res.ps57.long.query_rt_plugin,175
230,176563.48,3.67,res.ps57.long.query_rt_plugin,175
240,176208.78,3.68,res.ps57.long.query_rt_plugin,175
250,176217.38,3.69,res.ps57.long.query_rt_plugin,175
260,176091.47,3.70,res.ps57.long.query_rt_plugin,175
270,176264.51,3.68,res.ps57.long.query_rt_plugin,175
280,176548.14,3.70,res.ps57.long.query_rt_plugin,175
290,176023.41,3.69,res.ps57.long.query_rt_plugin,175
300,176349.15,3.68,res.ps57.long.query_rt_plugin,175
10,382430.45,0.73,res.ps57.long.try3,175
20,422804.09,0.73,res.ps57.long.try3,175
30,423260.11,0.74,res.ps57.long.try3,175
40,424150.21,0.73,res.ps57.long.try3,175
50,424092.67,0.73,res.ps57.long.try3,175
60,424034.57,0.73,res.ps57.long.try3,175
70,424259.51,0.73,res.ps57.long.try3,175
80,424158.86,0.73,res.ps57.long.try3,175
90,423823.47,0.73,res.ps57.long.try3,175
100,423777.58,0.73,res.ps57.long.try3,175
110,423830.45,0.74,res.ps57.long.try3,175
120,424071.64,0.73,res.ps57.long.try3,175
130,424159.08,0.73,res.ps57.long.try3,175
140,424332.86,0.73,res.ps57.long.try3,175
150,423900.44,0.73,res.ps57.long.try3,175
160,424035.78,0.73,res.ps57.long.try3,175
170,423652.21,0.74,res.ps57.long.try3,175
180,424277.48,0.73,res.ps57.long.try3,175
190,423972.76,0.73,res.ps57.long.try3,175
200,424253.30,0.73,res.ps57.long.try3,175
210,424358.30,0.73,res.ps57.long.try3,175
220,424222.35,0.73,res.ps57.long.try3,175
230,424212.18,0.73,res.ps57.long.try3,175
240,424326.94,0.73,res.ps57.long.try3,175
250,424085.80,0.73,res.ps57.long.try3,175
260,423655.24,0.73,res.ps57.long.try3,175
270,424077.49,0.73,res.ps57.long.try3,175
280,424071.55,0.73,res.ps57.long.try3,175
290,424171.83,0.73,res.ps57.long.try3,175
300,424092.91,0.73,res.ps57.long.try3,175
10,160059.30,4.81,res.ps57.long.query_rt_plugin,210
20,175351.40,4.80,res.ps57.long.query_rt_plugin,210
30,175279.71,4.80,res.ps57.long.query_rt_plugin,210
40,175774.79,4.81,res.ps57.long.query_rt_plugin,210
50,175764.64,4.82,res.ps57.long.query_rt_plugin,210
60,176034.42,4.82,res.ps57.long.query_rt_plugin,210
70,176030.38,4.78,res.ps57.long.query_rt_plugin,210
80,176043.89,4.78,res.ps57.long.query_rt_plugin,210
90,175722.86,4.79,res.ps57.long.query_rt_plugin,210
100,175929.80,4.80,res.ps57.long.query_rt_plugin,210
110,175729.64,4.77,res.ps57.long.query_rt_plugin,210
120,176086.12,4.80,res.ps57.long.query_rt_plugin,210
130,176226.78,4.77,res.ps57.long.query_rt_plugin,210
140,175875.17,4.77,res.ps57.long.query_rt_plugin,210
150,176242.40,4.79,res.ps57.long.query_rt_plugin,210
160,175736.98,4.78,res.ps57.long.query_rt_plugin,210
170,175582.92,4.78,res.ps57.long.query_rt_plugin,210
180,176075.85,4.77,res.ps57.long.query_rt_plugin,210
190,176091.80,4.75,res.ps57.long.query_rt_plugin,210
200,176397.10,4.79,res.ps57.long.query_rt_plugin,210
210,175839.28,4.80,res.ps57.long.query_rt_plugin,210
220,175581.93,4.81,res.ps57.long.query_rt_plugin,210
230,175782.61,4.79,res.ps57.long.query_rt_plugin,210
240,176167.83,4.76,res.ps57.long.query_rt_plugin,210
250,175631.43,4.79,res.ps57.long.query_rt_plugin,210
260,175994.23,4.79,res.ps57.long.query_rt_plugin,210
270,175935.49,4.78,res.ps57.long.query_rt_plugin,210
280,176039.85,4.77,res.ps57.long.query_rt_plugin,210
290,176178.65,4.76,res.ps57.long.query_rt_plugin,210
10,385525.02,0.77,res.ps57.long.try3,210
20,426411.57,0.77,res.ps57.long.try3,210
30,427052.52,0.77,res.ps57.long.try3,210
40,427663.25,0.77,res.ps57.long.try3,210
50,427575.78,0.77,res.ps57.long.try3,210
60,427607.74,0.77,res.ps57.long.try3,210
70,427406.69,0.77,res.ps57.long.try3,210
80,426662.82,0.77,res.ps57.long.try3,210
90,426716.70,0.77,res.ps57.long.try3,210
100,426999.81,0.77,res.ps57.long.try3,210
110,427203.07,0.77,res.ps57.long.try3,210
120,427136.57,0.77,res.ps57.long.try3,210
130,427189.66,0.77,res.ps57.long.try3,210
140,427221.10,0.77,res.ps57.long.try3,210
150,427011.35,0.77,res.ps57.long.try3,210
160,426363.89,0.77,res.ps57.long.try3,210
170,426681.81,0.77,res.ps57.long.try3,210
180,426132.36,0.77,res.ps57.long.try3,210
190,426890.01,0.77,res.ps57.long.try3,210
200,426617.76,0.77,res.ps57.long.try3,210
210,426819.69,0.77,res.ps57.long.try3,210
220,426872.84,0.77,res.ps57.long.try3,210
230,426605.66,0.77,res.ps57.long.try3,210
240,426317.87,0.77,res.ps57.long.try3,210
250,426212.55,0.77,res.ps57.long.try3,210
260,426897.02,0.77,res.ps57.long.try3,210
270,427031.86,0.77,res.ps57.long.try3,210
280,426785.46,0.77,res.ps57.long.try3,210
290,426722.88,0.77,res.ps57.long.try3,210
10,159322.06,6.09,res.ps57.long.query_rt_plugin,250
20,175211.66,6.07,res.ps57.long.query_rt_plugin,250
30,175053.67,6.10,res.ps57.long.query_rt_plugin,250
40,175741.93,6.07,res.ps57.long.query_rt_plugin,250
50,175655.74,6.06,res.ps57.long.query_rt_plugin,250
60,175801.07,6.08,res.ps57.long.query_rt_plugin,250
70,175668.63,6.06,res.ps57.long.query_rt_plugin,250
80,175701.11,6.10,res.ps57.long.query_rt_plugin,250
90,175415.00,6.11,res.ps57.long.query_rt_plugin,250
100,175406.00,6.10,res.ps57.long.query_rt_plugin,250
110,175832.21,6.04,res.ps57.long.query_rt_plugin,250
120,175659.37,6.05,res.ps57.long.query_rt_plugin,250
130,175820.82,6.09,res.ps57.long.query_rt_plugin,250
140,175808.11,6.03,res.ps57.long.query_rt_plugin,250
150,176106.29,6.04,res.ps57.long.query_rt_plugin,250
160,176112.88,6.03,res.ps57.long.query_rt_plugin,250
170,175546.77,6.06,res.ps57.long.query_rt_plugin,250
180,175301.36,6.10,res.ps57.long.query_rt_plugin,250
190,175252.92,6.07,res.ps57.long.query_rt_plugin,250
200,175523.54,6.05,res.ps57.long.query_rt_plugin,250
210,175068.41,6.06,res.ps57.long.query_rt_plugin,250
220,175528.15,6.06,res.ps57.long.query_rt_plugin,250
230,175358.97,6.06,res.ps57.long.query_rt_plugin,250
240,175317.09,6.08,res.ps57.long.query_rt_plugin,250
250,174984.57,6.09,res.ps57.long.query_rt_plugin,250
260,175213.58,6.09,res.ps57.long.query_rt_plugin,250
270,175558.31,6.06,res.ps57.long.query_rt_plugin,250
280,175457.89,6.10,res.ps57.long.query_rt_plugin,250
290,175182.09,6.11,res.ps57.long.query_rt_plugin,250
300,175323.68,6.09,res.ps57.long.query_rt_plugin,250
10,383019.51,0.80,res.ps57.long.try3,250
20,424011.44,0.80,res.ps57.long.try3,250
30,425042.30,0.80,res.ps57.long.try3,250
40,425148.66,0.80,res.ps57.long.try3,250
50,425052.77,0.80,res.ps57.long.try3,250
60,425466.60,0.80,res.ps57.long.try3,250
70,424929.59,0.80,res.ps57.long.try3,250
80,425580.45,0.79,res.ps57.long.try3,250
90,425074.90,0.80,res.ps57.long.try3,250
100,424608.43,0.80,res.ps57.long.try3,250
110,424796.38,0.80,res.ps57.long.try3,250
120,424802.05,0.79,res.ps57.long.try3,250
130,424552.64,0.80,res.ps57.long.try3,250
140,424959.32,0.80,res.ps57.long.try3,250
150,424595.67,0.80,res.ps57.long.try3,250
160,424841.27,0.80,res.ps57.long.try3,250
170,425180.69,0.80,res.ps57.long.try3,250
180,424796.90,0.80,res.ps57.long.try3,250
190,424910.00,0.79,res.ps57.long.try3,250
200,424755.01,0.80,res.ps57.long.try3,250
210,425091.54,0.80,res.ps57.long.try3,250
220,424823.96,0.80,res.ps57.long.try3,250
230,424761.91,0.80,res.ps57.long.try3,250
240,424957.40,0.79,res.ps57.long.try3,250
250,424767.14,0.80,res.ps57.long.try3,250
260,424642.16,0.80,res.ps57.long.try3,250
270,425008.68,0.80,res.ps57.long.try3,250
280,424711.32,0.80,res.ps57.long.try3,250
290,424677.15,0.80,res.ps57.long.try3,250
300,424873.71,0.80,res.ps57.long.try3,250
10,159753.42,7.75,res.ps57.long.query_rt_plugin,300
20,175837.70,7.71,res.ps57.long.query_rt_plugin,300
30,175843.06,7.74,res.ps57.long.query_rt_plugin,300
40,175423.93,7.70,res.ps57.long.query_rt_plugin,300
50,175828.94,7.71,res.ps57.long.query_rt_plugin,300
60,175965.33,7.73,res.ps57.long.query_rt_plugin,300
70,175868.00,7.74,res.ps57.long.query_rt_plugin,300
80,175619.53,7.75,res.ps57.long.query_rt_plugin,300
90,175855.25,7.76,res.ps57.long.query_rt_plugin,300
100,175931.44,7.72,res.ps57.long.query_rt_plugin,300
110,176521.74,7.70,res.ps57.long.query_rt_plugin,300
120,175922.91,7.73,res.ps57.long.query_rt_plugin,300
130,175620.43,7.70,res.ps57.long.query_rt_plugin,300
140,175876.29,7.77,res.ps57.long.query_rt_plugin,300
150,176071.04,7.77,res.ps57.long.query_rt_plugin,300
160,176219.95,7.72,res.ps57.long.query_rt_plugin,300
170,176339.42,7.74,res.ps57.long.query_rt_plugin,300
180,175874.46,7.73,res.ps57.long.query_rt_plugin,300
190,176224.65,7.78,res.ps57.long.query_rt_plugin,300
200,176131.12,7.75,res.ps57.long.query_rt_plugin,300
210,175575.40,7.79,res.ps57.long.query_rt_plugin,300
220,175577.45,7.80,res.ps57.long.query_rt_plugin,300
230,176306.47,7.77,res.ps57.long.query_rt_plugin,300
240,175898.85,7.74,res.ps57.long.query_rt_plugin,300
250,176356.85,7.71,res.ps57.long.query_rt_plugin,300
260,176013.88,7.73,res.ps57.long.query_rt_plugin,300
270,176161.45,7.76,res.ps57.long.query_rt_plugin,300
280,175601.57,7.78,res.ps57.long.query_rt_plugin,300
290,175883.01,7.83,res.ps57.long.query_rt_plugin,300
300,175936.61,7.78,res.ps57.long.query_rt_plugin,300
10,380706.02,0.83,res.ps57.long.try3,300
20,421347.68,0.83,res.ps57.long.try3,300
30,421810.29,0.83,res.ps57.long.try3,300
40,422143.81,0.83,res.ps57.long.try3,300
50,422017.85,0.83,res.ps57.long.try3,300
60,422578.70,0.82,res.ps57.long.try3,300
70,423054.58,0.82,res.ps57.long.try3,300
80,423258.14,0.82,res.ps57.long.try3,300
90,423237.45,0.83,res.ps57.long.try3,300
100,422939.63,0.82,res.ps57.long.try3,300
110,423329.33,0.82,res.ps57.long.try3,300
120,423093.06,0.82,res.ps57.long.try3,300
130,423166.00,0.82,res.ps57.long.try3,300
140,423011.54,0.82,res.ps57.long.try3,300
150,422539.71,0.82,res.ps57.long.try3,300
160,422149.79,0.82,res.ps57.long.try3,300
170,422842.20,0.82,res.ps57.long.try3,300
180,423288.37,0.82,res.ps57.long.try3,300
190,422826.49,0.82,res.ps57.long.try3,300
200,422719.31,0.82,res.ps57.long.try3,300
210,423050.96,0.82,res.ps57.long.try3,300
220,422762.00,0.82,res.ps57.long.try3,300
230,423040.65,0.82,res.ps57.long.try3,300
240,422954.31,0.82,res.ps57.long.try3,300
250,422923.11,0.82,res.ps57.long.try3,300
260,422760.16,0.82,res.ps57.long.try3,300
270,423158.74,0.82,res.ps57.long.try3,300
280,422875.08,0.82,res.ps57.long.try3,300
290,423161.48,0.82,res.ps57.long.try3,300
300,423132.37,0.82,res.ps57.long.try3,300
10,158043.72,9.81,res.ps57.long.query_rt_plugin,360
20,174773.60,9.76,res.ps57.long.query_rt_plugin,360
30,174527.68,9.80,res.ps57.long.query_rt_plugin,360
40,174331.35,9.82,res.ps57.long.query_rt_plugin,360
50,174522.12,9.81,res.ps57.long.query_rt_plugin,360
60,174489.05,9.77,res.ps57.long.query_rt_plugin,360
70,174409.35,9.82,res.ps57.long.query_rt_plugin,360
80,174445.57,9.83,res.ps57.long.query_rt_plugin,360
90,174619.59,9.82,res.ps57.long.query_rt_plugin,360
100,175482.05,9.63,res.ps57.long.query_rt_plugin,360
110,175573.99,9.68,res.ps57.long.query_rt_plugin,360
120,175170.59,9.72,res.ps57.long.query_rt_plugin,360
130,175393.40,9.67,res.ps57.long.query_rt_plugin,360
140,175185.80,9.70,res.ps57.long.query_rt_plugin,360
150,175085.18,9.76,res.ps57.long.query_rt_plugin,360
160,174998.59,9.72,res.ps57.long.query_rt_plugin,360
170,175117.28,9.65,res.ps57.long.query_rt_plugin,360
180,175582.18,9.72,res.ps57.long.query_rt_plugin,360
190,174974.33,9.74,res.ps57.long.query_rt_plugin,360
200,175174.76,9.74,res.ps57.long.query_rt_plugin,360
210,175582.44,9.69,res.ps57.long.query_rt_plugin,360
220,175339.70,9.77,res.ps57.long.query_rt_plugin,360
230,174869.10,9.74,res.ps57.long.query_rt_plugin,360
240,175305.65,9.71,res.ps57.long.query_rt_plugin,360
250,175602.47,9.71,res.ps57.long.query_rt_plugin,360
260,175585.07,9.76,res.ps57.long.query_rt_plugin,360
270,175527.13,9.74,res.ps57.long.query_rt_plugin,360
280,174867.73,9.77,res.ps57.long.query_rt_plugin,360
290,175557.88,9.75,res.ps57.long.query_rt_plugin,360
300,175327.66,9.74,res.ps57.long.query_rt_plugin,360
10,381015.05,0.82,res.ps57.long.try3,360
20,422689.59,0.82,res.ps57.long.try3,360
30,421910.61,0.82,res.ps57.long.try3,360
40,422422.87,0.82,res.ps57.long.try3,360
50,422381.40,0.83,res.ps57.long.try3,360
60,422842.01,0.82,res.ps57.long.try3,360
70,422152.95,0.83,res.ps57.long.try3,360
80,422322.94,0.83,res.ps57.long.try3,360
90,422732.64,0.82,res.ps57.long.try3,360
100,422892.88,0.82,res.ps57.long.try3,360
110,423483.02,0.82,res.ps57.long.try3,360
120,423394.36,0.82,res.ps57.long.try3,360
130,423429.32,0.82,res.ps57.long.try3,360
140,423439.50,0.82,res.ps57.long.try3,360
150,423521.13,0.82,res.ps57.long.try3,360
160,423226.04,0.83,res.ps57.long.try3,360
170,423322.00,0.82,res.ps57.long.try3,360
180,423338.45,0.82,res.ps57.long.try3,360
190,423544.99,0.82,res.ps57.long.try3,360
200,423526.80,0.82,res.ps57.long.try3,360
210,423202.78,0.82,res.ps57.long.try3,360
220,422966.48,0.82,res.ps57.long.try3,360
230,422354.30,0.82,res.ps57.long.try3,360
240,422343.31,0.83,res.ps57.long.try3,360
250,422468.50,0.82,res.ps57.long.try3,360
260,422902.52,0.83,res.ps57.long.try3,360
270,422914.50,0.83,res.ps57.long.try3,360
280,422713.51,0.83,res.ps57.long.try3,360
290,422743.86,0.82,res.ps57.long.try3,360
300,422501.52,0.83,res.ps57.long.try3,360
10,157877.09,11.92,res.ps57.long.query_rt_plugin,430
20,173784.47,11.95,res.ps57.long.query_rt_plugin,430
30,174044.56,11.99,res.ps57.long.query_rt_plugin,430
40,173689.93,12.06,res.ps57.long.query_rt_plugin,430
50,173875.29,12.03,res.ps57.long.query_rt_plugin,430
60,173707.60,12.01,res.ps57.long.query_rt_plugin,430
70,173640.75,11.97,res.ps57.long.query_rt_plugin,430
80,173622.65,11.99,res.ps57.long.query_rt_plugin,430
90,173393.62,12.03,res.ps57.long.query_rt_plugin,430
100,173794.57,12.05,res.ps57.long.query_rt_plugin,430
110,174231.96,12.03,res.ps57.long.query_rt_plugin,430
120,174561.73,12.02,res.ps57.long.query_rt_plugin,430
130,174097.94,12.05,res.ps57.long.query_rt_plugin,430
140,174124.74,12.09,res.ps57.long.query_rt_plugin,430
150,174255.63,12.05,res.ps57.long.query_rt_plugin,430
160,174203.96,12.02,res.ps57.long.query_rt_plugin,430
170,174167.57,11.96,res.ps57.long.query_rt_plugin,430
180,174167.54,12.04,res.ps57.long.query_rt_plugin,430
190,174168.97,12.01,res.ps57.long.query_rt_plugin,430
200,174478.95,12.05,res.ps57.long.query_rt_plugin,430
210,173992.95,12.10,res.ps57.long.query_rt_plugin,430
220,174563.07,12.05,res.ps57.long.query_rt_plugin,430
230,174465.66,12.10,res.ps57.long.query_rt_plugin,430
240,174163.22,12.09,res.ps57.long.query_rt_plugin,430
250,174479.05,12.07,res.ps57.long.query_rt_plugin,430
260,174543.65,12.07,res.ps57.long.query_rt_plugin,430
270,173948.90,12.09,res.ps57.long.query_rt_plugin,430
280,174251.62,12.12,res.ps57.long.query_rt_plugin,430
290,174615.87,12.10,res.ps57.long.query_rt_plugin,430
300,174113.49,12.12,res.ps57.long.query_rt_plugin,430
10,380314.39,0.80,res.ps57.long.try3,430
20,421565.16,0.80,res.ps57.long.try3,430
30,420820.35,0.80,res.ps57.long.try3,430
40,421145.85,0.80,res.ps57.long.try3,430
50,421774.16,0.79,res.ps57.long.try3,430
60,421113.53,0.80,res.ps57.long.try3,430
70,421283.97,0.80,res.ps57.long.try3,430
80,421503.23,0.80,res.ps57.long.try3,430
90,420982.27,0.80,res.ps57.long.try3,430
100,421468.07,0.80,res.ps57.long.try3,430
110,421407.37,0.80,res.ps57.long.try3,430
120,421812.68,0.79,res.ps57.long.try3,430
130,421766.49,0.80,res.ps57.long.try3,430
140,422293.03,0.79,res.ps57.long.try3,430
150,422372.39,0.79,res.ps57.long.try3,430
160,422408.90,0.79,res.ps57.long.try3,430
170,422304.66,0.79,res.ps57.long.try3,430
180,422376.86,0.79,res.ps57.long.try3,430
190,421789.45,0.80,res.ps57.long.try3,430
200,421020.37,0.80,res.ps57.long.try3,430
210,421162.90,0.81,res.ps57.long.try3,430
220,421765.61,0.80,res.ps57.long.try3,430
230,421418.55,0.80,res.ps57.long.try3,430
240,420995.88,0.81,res.ps57.long.try3,430
250,421399.53,0.81,res.ps57.long.try3,430
260,421744.32,0.80,res.ps57.long.try3,430
270,421126.55,0.81,res.ps57.long.try3,430
280,421140.74,0.81,res.ps57.long.try3,430
290,420660.65,0.81,res.ps57.long.try3,430
300,420951.19,0.81,res.ps57.long.try3,430
10,157011.51,14.33,res.ps57.long.query_rt_plugin,520
20,172532.67,14.68,res.ps57.long.query_rt_plugin,520
30,172294.43,14.70,res.ps57.long.query_rt_plugin,520
40,172509.79,14.61,res.ps57.long.query_rt_plugin,520
50,172223.33,14.65,res.ps57.long.query_rt_plugin,520
60,172218.20,14.67,res.ps57.long.query_rt_plugin,520
70,172115.05,14.64,res.ps57.long.query_rt_plugin,520
80,172457.46,14.58,res.ps57.long.query_rt_plugin,520
90,172335.57,14.64,res.ps57.long.query_rt_plugin,520
100,172321.39,14.67,res.ps57.long.query_rt_plugin,520
110,172448.63,14.67,res.ps57.long.query_rt_plugin,520
120,172279.29,14.63,res.ps57.long.query_rt_plugin,520
130,172181.68,14.66,res.ps57.long.query_rt_plugin,520
140,172400.44,14.65,res.ps57.long.query_rt_plugin,520
150,172232.31,14.61,res.ps57.long.query_rt_plugin,520
160,172504.23,14.66,res.ps57.long.query_rt_plugin,520
170,172561.73,14.70,res.ps57.long.query_rt_plugin,520
180,172589.37,14.67,res.ps57.long.query_rt_plugin,520
190,172699.61,14.61,res.ps57.long.query_rt_plugin,520
200,172723.13,14.64,res.ps57.long.query_rt_plugin,520
210,172573.30,14.62,res.ps57.long.query_rt_plugin,520
220,172591.52,14.64,res.ps57.long.query_rt_plugin,520
230,172533.10,14.66,res.ps57.long.query_rt_plugin,520
240,172817.04,14.62,res.ps57.long.query_rt_plugin,520
250,172731.46,14.61,res.ps57.long.query_rt_plugin,520
260,172881.05,14.60,res.ps57.long.query_rt_plugin,520
270,172728.14,14.65,res.ps57.long.query_rt_plugin,520
280,172795.63,14.62,res.ps57.long.query_rt_plugin,520
290,172243.02,14.73,res.ps57.long.query_rt_plugin,520
10,380001.67,0.72,res.ps57.long.try3,520
20,421919.75,0.69,res.ps57.long.try3,520
30,421296.54,0.68,res.ps57.long.try3,520
40,420916.15,0.69,res.ps57.long.try3,520
50,421046.91,0.69,res.ps57.long.try3,520
60,420340.18,0.71,res.ps57.long.try3,520
70,421447.32,0.70,res.ps57.long.try3,520
80,421721.19,0.69,res.ps57.long.try3,520
90,421324.78,0.70,res.ps57.long.try3,520
100,421803.45,0.69,res.ps57.long.try3,520
110,421144.54,0.70,res.ps57.long.try3,520
120,421963.62,0.69,res.ps57.long.try3,520
130,421912.68,0.69,res.ps57.long.try3,520
140,421992.76,0.69,res.ps57.long.try3,520
150,421892.62,0.70,res.ps57.long.try3,520
160,422090.73,0.68,res.ps57.long.try3,520
170,421774.65,0.69,res.ps57.long.try3,520
180,420855.04,0.73,res.ps57.long.try3,520
190,421565.52,0.72,res.ps57.long.try3,520
200,421101.97,0.72,res.ps57.long.try3,520
210,420914.71,0.72,res.ps57.long.try3,520
220,421630.94,0.70,res.ps57.long.try3,520
230,421094.36,0.72,res.ps57.long.try3,520
240,421790.89,0.70,res.ps57.long.try3,520
250,421888.61,0.70,res.ps57.long.try3,520
260,421202.76,0.72,res.ps57.long.try3,520
270,420865.45,0.72,res.ps57.long.try3,520
280,421316.59,0.72,res.ps57.long.try3,520
290,421501.59,0.71,res.ps57.long.try3,520
300,421039.69,0.72,res.ps57.long.try3,520
10,156836.88,16.94,res.ps57.long.query_rt_plugin,630
20,171719.58,17.38,res.ps57.long.query_rt_plugin,630
30,171844.26,17.44,res.ps57.long.query_rt_plugin,630
40,172072.68,17.31,res.ps57.long.query_rt_plugin,630
50,171647.23,17.38,res.ps57.long.query_rt_plugin,630
60,171849.77,17.34,res.ps57.long.query_rt_plugin,630
70,171843.30,17.35,res.ps57.long.query_rt_plugin,630
80,171893.69,17.33,res.ps57.long.query_rt_plugin,630
90,172133.92,17.31,res.ps57.long.query_rt_plugin,630
100,172052.28,17.35,res.ps57.long.query_rt_plugin,630
110,171691.75,17.39,res.ps57.long.query_rt_plugin,630
120,171916.82,17.38,res.ps57.long.query_rt_plugin,630
130,171959.72,17.37,res.ps57.long.query_rt_plugin,630
140,171685.12,17.34,res.ps57.long.query_rt_plugin,630
150,171952.48,17.34,res.ps57.long.query_rt_plugin,630
160,172039.62,17.31,res.ps57.long.query_rt_plugin,630
170,171951.08,17.33,res.ps57.long.query_rt_plugin,630
180,171829.94,17.30,res.ps57.long.query_rt_plugin,630
190,172087.67,17.33,res.ps57.long.query_rt_plugin,630
200,171646.52,17.36,res.ps57.long.query_rt_plugin,630
210,171763.80,17.37,res.ps57.long.query_rt_plugin,630
220,171864.07,17.35,res.ps57.long.query_rt_plugin,630
230,171869.25,17.38,res.ps57.long.query_rt_plugin,630
240,171514.42,17.39,res.ps57.long.query_rt_plugin,630
250,171793.61,17.36,res.ps57.long.query_rt_plugin,630
260,171905.40,17.39,res.ps57.long.query_rt_plugin,630
270,172018.41,17.37,res.ps57.long.query_rt_plugin,630
280,171797.60,17.37,res.ps57.long.query_rt_plugin,630
290,171879.25,17.35,res.ps57.long.query_rt_plugin,630
10,375021.26,1.04,res.ps57.long.try3,630
20,419880.81,0.49,res.ps57.long.try3,630
30,419834.78,0.46,res.ps57.long.try3,630
40,418122.31,0.50,res.ps57.long.try3,630
50,418778.89,0.50,res.ps57.long.try3,630
60,419159.61,0.50,res.ps57.long.try3,630
70,418636.52,0.51,res.ps57.long.try3,630
80,419586.86,0.49,res.ps57.long.try3,630
90,419985.84,0.47,res.ps57.long.try3,630
100,419582.67,0.49,res.ps57.long.try3,630
110,419938.61,0.47,res.ps57.long.try3,630
120,420129.34,0.43,res.ps57.long.try3,630
130,419866.72,0.49,res.ps57.long.try3,630
140,420128.44,0.44,res.ps57.long.try3,630
150,420149.15,0.44,res.ps57.long.try3,630
160,419568.60,0.49,res.ps57.long.try3,630
170,420060.27,0.48,res.ps57.long.try3,630
180,419988.00,0.49,res.ps57.long.try3,630
190,420052.83,0.41,res.ps57.long.try3,630
200,420075.66,0.44,res.ps57.long.try3,630
210,420103.44,0.42,res.ps57.long.try3,630
220,419730.13,0.41,res.ps57.long.try3,630
230,420223.37,0.39,res.ps57.long.try3,630
240,419782.26,0.39,res.ps57.long.try3,630
250,420229.56,0.41,res.ps57.long.try3,630
260,420235.33,0.40,res.ps57.long.try3,630
270,420068.54,0.40,res.ps57.long.try3,630
280,420221.21,0.40,res.ps57.long.try3,630
290,420194.90,0.40,res.ps57.long.try3,630
300,419338.20,0.44,res.ps57.long.try3,630
10,155554.79,19.86,res.ps57.long.query_rt_plugin,750
20,171565.77,20.16,res.ps57.long.query_rt_plugin,750
30,171541.23,20.16,res.ps57.long.query_rt_plugin,750
40,171421.10,20.18,res.ps57.long.query_rt_plugin,750
50,171561.13,20.20,res.ps57.long.query_rt_plugin,750
60,171332.94,20.14,res.ps57.long.query_rt_plugin,750
70,171363.31,20.13,res.ps57.long.query_rt_plugin,750
80,171359.78,20.16,res.ps57.long.query_rt_plugin,750
90,171431.89,20.17,res.ps57.long.query_rt_plugin,750
100,171292.11,20.18,res.ps57.long.query_rt_plugin,750
110,171685.15,20.11,res.ps57.long.query_rt_plugin,750
120,171133.04,20.16,res.ps57.long.query_rt_plugin,750
130,171251.47,20.16,res.ps57.long.query_rt_plugin,750
140,171349.46,20.17,res.ps57.long.query_rt_plugin,750
150,171520.04,20.18,res.ps57.long.query_rt_plugin,750
160,171597.46,20.15,res.ps57.long.query_rt_plugin,750
170,171555.34,20.18,res.ps57.long.query_rt_plugin,750
180,171086.37,20.19,res.ps57.long.query_rt_plugin,750
190,171719.01,20.17,res.ps57.long.query_rt_plugin,750
200,171508.89,20.11,res.ps57.long.query_rt_plugin,750
210,171549.17,20.19,res.ps57.long.query_rt_plugin,750
220,171687.50,20.16,res.ps57.long.query_rt_plugin,750
230,171672.02,20.14,res.ps57.long.query_rt_plugin,750
240,171485.31,20.17,res.ps57.long.query_rt_plugin,750
250,171310.07,20.19,res.ps57.long.query_rt_plugin,750
260,171404.97,20.14,res.ps57.long.query_rt_plugin,750
270,171422.48,20.14,res.ps57.long.query_rt_plugin,750
280,171651.80,20.14,res.ps57.long.query_rt_plugin,750
290,171464.52,20.17,res.ps57.long.query_rt_plugin,750
10,374258.51,0.86,res.ps57.long.try3,750
20,419830.73,0.17,res.ps57.long.try3,750
30,419741.46,0.17,res.ps57.long.try3,750
40,420025.88,0.17,res.ps57.long.try3,750
50,417331.58,0.22,res.ps57.long.try3,750
60,418969.46,0.18,res.ps57.long.try3,750
70,418921.28,0.18,res.ps57.long.try3,750
80,418478.06,0.19,res.ps57.long.try3,750
90,419087.05,0.18,res.ps57.long.try3,750
100,418071.19,0.18,res.ps57.long.try3,750
110,418001.12,0.19,res.ps57.long.try3,750
120,418750.68,0.18,res.ps57.long.try3,750
130,418795.96,0.18,res.ps57.long.try3,750
140,418681.12,0.18,res.ps57.long.try3,750
150,419003.12,0.17,res.ps57.long.try3,750
160,418587.37,0.18,res.ps57.long.try3,750
170,419380.67,0.17,res.ps57.long.try3,750
180,419535.49,0.17,res.ps57.long.try3,750
190,419169.32,0.17,res.ps57.long.try3,750
200,419561.46,0.17,res.ps57.long.try3,750
210,419567.98,0.17,res.ps57.long.try3,750
220,418666.70,0.17,res.ps57.long.try3,750
230,418645.59,0.18,res.ps57.long.try3,750
240,418779.45,0.17,res.ps57.long.try3,750
250,418489.61,0.18,res.ps57.long.try3,750
260,419074.49,0.17,res.ps57.long.try3,750
270,419123.89,0.17,res.ps57.long.try3,750
280,419368.68,0.17,res.ps57.long.try3,750
290,419761.14,0.17,res.ps57.long.try3,750
300,419777.64,0.17,res.ps57.long.try3,750
10,155246.85,22.51,res.ps57.long.query_rt_plugin,870
20,171364.63,22.87,res.ps57.long.query_rt_plugin,870
30,171596.01,22.90,res.ps57.long.query_rt_plugin,870
40,171738.26,22.89,res.ps57.long.query_rt_plugin,870
50,171754.90,22.88,res.ps57.long.query_rt_plugin,870
60,171740.39,22.78,res.ps57.long.query_rt_plugin,870
70,171396.00,22.86,res.ps57.long.query_rt_plugin,870
80,171637.79,22.83,res.ps57.long.query_rt_plugin,870
90,171735.73,22.86,res.ps57.long.query_rt_plugin,870
100,171769.22,22.90,res.ps57.long.query_rt_plugin,870
110,171721.76,22.83,res.ps57.long.query_rt_plugin,870
120,171764.14,22.89,res.ps57.long.query_rt_plugin,870
130,171850.09,22.84,res.ps57.long.query_rt_plugin,870
140,171911.56,22.83,res.ps57.long.query_rt_plugin,870
150,171652.02,22.85,res.ps57.long.query_rt_plugin,870
160,171554.35,22.86,res.ps57.long.query_rt_plugin,870
170,171706.18,22.84,res.ps57.long.query_rt_plugin,870
180,171683.30,22.79,res.ps57.long.query_rt_plugin,870
190,171636.23,22.92,res.ps57.long.query_rt_plugin,870
200,171806.96,22.86,res.ps57.long.query_rt_plugin,870
210,171389.04,22.91,res.ps57.long.query_rt_plugin,870
220,171618.87,22.83,res.ps57.long.query_rt_plugin,870
230,171763.36,22.81,res.ps57.long.query_rt_plugin,870
240,171903.78,22.83,res.ps57.long.query_rt_plugin,870
250,171680.08,22.82,res.ps57.long.query_rt_plugin,870
260,171605.26,22.83,res.ps57.long.query_rt_plugin,870
270,171544.80,22.81,res.ps57.long.query_rt_plugin,870
280,171649.30,22.89,res.ps57.long.query_rt_plugin,870
290,171539.70,22.79,res.ps57.long.query_rt_plugin,870
300,171635.06,22.83,res.ps57.long.query_rt_plugin,870
10,372152.52,1.33,res.ps57.long.try3,870
20,418589.48,0.17,res.ps57.long.try3,870
30,418723.30,0.17,res.ps57.long.try3,870
40,418615.40,0.17,res.ps57.long.try3,870
50,417490.54,0.17,res.ps57.long.try3,870
60,417745.41,0.17,res.ps57.long.try3,870
70,417794.91,0.17,res.ps57.long.try3,870
80,417446.00,0.17,res.ps57.long.try3,870
90,417733.91,0.17,res.ps57.long.try3,870
100,418036.89,0.17,res.ps57.long.try3,870
110,418156.67,0.17,res.ps57.long.try3,870
120,418082.55,0.17,res.ps57.long.try3,870
130,418477.44,0.17,res.ps57.long.try3,870
140,418850.49,0.17,res.ps57.long.try3,870
150,419082.81,0.17,res.ps57.long.try3,870
160,418964.71,0.17,res.ps57.long.try3,870
170,418419.72,0.17,res.ps57.long.try3,870
180,418646.72,0.17,res.ps57.long.try3,870
190,418230.20,0.17,res.ps57.long.try3,870
200,418630.08,0.17,res.ps57.long.try3,870
210,418759.32,0.17,res.ps57.long.try3,870
220,418219.51,0.17,res.ps57.long.try3,870
230,418665.86,0.17,res.ps57.long.try3,870
240,418339.58,0.17,res.ps57.long.try3,870
250,418255.20,0.17,res.ps57.long.try3,870
260,418042.09,0.17,res.ps57.long.try3,870
270,418224.37,0.17,res.ps57.long.try3,870
280,418408.49,0.17,res.ps57.long.try3,870
290,418759.01,0.17,res.ps57.long.try3,870
300,418123.17,0.17,res.ps57.long.try3,870
10,155536.05,25.54,res.ps57.long.query_rt_plugin,1000
20,171661.69,25.76,res.ps57.long.query_rt_plugin,1000
30,171501.31,25.72,res.ps57.long.query_rt_plugin,1000
40,171571.20,25.75,res.ps57.long.query_rt_plugin,1000
50,171497.88,25.72,res.ps57.long.query_rt_plugin,1000
60,171658.52,25.76,res.ps57.long.query_rt_plugin,1000
70,171427.23,25.72,res.ps57.long.query_rt_plugin,1000
80,171568.85,25.78,res.ps57.long.query_rt_plugin,1000
90,171611.99,25.77,res.ps57.long.query_rt_plugin,1000
100,171755.61,25.79,res.ps57.long.query_rt_plugin,1000
110,171569.09,25.82,res.ps57.long.query_rt_plugin,1000
120,171509.48,25.79,res.ps57.long.query_rt_plugin,1000
130,171464.82,25.72,res.ps57.long.query_rt_plugin,1000
140,171248.54,25.72,res.ps57.long.query_rt_plugin,1000
150,171252.31,25.75,res.ps57.long.query_rt_plugin,1000
160,171210.73,25.74,res.ps57.long.query_rt_plugin,1000
170,171853.65,25.75,res.ps57.long.query_rt_plugin,1000
180,171438.70,25.75,res.ps57.long.query_rt_plugin,1000
190,171551.81,25.75,res.ps57.long.query_rt_plugin,1000
200,171671.92,25.74,res.ps57.long.query_rt_plugin,1000
210,171654.89,25.69,res.ps57.long.query_rt_plugin,1000
220,171553.93,25.71,res.ps57.long.query_rt_plugin,1000
230,171801.29,25.75,res.ps57.long.query_rt_plugin,1000
240,171671.29,25.74,res.ps57.long.query_rt_plugin,1000
250,171583.44,25.79,res.ps57.long.query_rt_plugin,1000
260,171560.14,25.68,res.ps57.long.query_rt_plugin,1000
270,171573.23,25.79,res.ps57.long.query_rt_plugin,1000
280,171691.58,25.78,res.ps57.long.query_rt_plugin,1000
290,171681.36,25.73,res.ps57.long.query_rt_plugin,1000
300,171514.80,25.69,res.ps57.long.query_rt_plugin,1000
10,373008.80,1.43,res.ps57.long.try3,1000
20,417723.38,0.17,res.ps57.long.try3,1000
30,417825.28,0.17,res.ps57.long.try3,1000
40,417923.15,0.17,res.ps57.long.try3,1000
50,417813.84,0.17,res.ps57.long.try3,1000
60,416937.41,0.18,res.ps57.long.try3,1000
70,417000.82,0.18,res.ps57.long.try3,1000
80,416420.89,0.18,res.ps57.long.try3,1000
90,416069.84,0.18,res.ps57.long.try3,1000
100,416826.49,0.18,res.ps57.long.try3,1000
110,417794.24,0.17,res.ps57.long.try3,1000
120,417838.35,0.17,res.ps57.long.try3,1000
130,417734.13,0.17,res.ps57.long.try3,1000
140,417920.45,0.17,res.ps57.long.try3,1000
150,417116.24,0.18,res.ps57.long.try3,1000
160,418066.41,0.17,res.ps57.long.try3,1000
170,417993.26,0.17,res.ps57.long.try3,1000
180,416414.10,0.18,res.ps57.long.try3,1000
190,416193.34,0.18,res.ps57.long.try3,1000
200,416019.32,0.18,res.ps57.long.try3,1000
210,416810.80,0.18,res.ps57.long.try3,1000
220,416473.28,0.18,res.ps57.long.try3,1000
230,415566.15,0.18,res.ps57.long.try3,1000
240,415955.69,0.18,res.ps57.long.try3,1000
250,416403.56,0.18,res.ps57.long.try3,1000
260,415174.98,0.19,res.ps57.long.try3,1000
270,415973.75,0.18,res.ps57.long.try3,1000
280,416534.10,0.18,res.ps57.long.try3,1000
290,416308.48,0.18,res.ps57.long.try3,1000
